transaction_id,customer_id,merchant_id,transaction_amount,transaction_date,transaction_time,location,transaction_type,is_fraud
1,1,22,24919.54,2024-08-31,14:17:37,Mumbai,ATM,0
2,17,19,25456.45,2024-09-27,06:30:04,Mumbai,Online,1
3,60,26,49381.16,2024-12-16,08:46:51,Bangalore,POS,0
4,36,3,29627.1,2024-11-09,09:53:20,Lucknow,Online,0
5,75,10,42513.67,2025-02-16,05:08:50,Hyderabad,Online,0
6,63,27,3113.46,2024-12-15,18:24:49,Kolkata,ATM,0
7,34,3,967.76,2025-06-29,12:44:45,Lucknow,Online,0
8,14,10,44577.92,2025-01-23,05:29:31,Jaipur,POS,0
9,40,3,5873.76,2025-05-28,02:59:06,Lucknow,ATM,1
10,10,22,14303.74,2025-04-15,17:13:15,Mumbai,POS,0
11,6,29,28423.46,2025-07-02,07:10:19,Kolkata,POS,1
12,27,27,21789.31,2024-08-13,07:27:52,Kolkata,POS,0
13,41,28,18400.33,2025-02-24,15:57:40,Pune,ATM,0
14,61,6,20635.28,2025-04-30,05:11:52,Ahmedabad,Online,0
15,71,28,35472.74,2024-10-29,05:57:50,Mumbai,ATM,0
16,62,3,1938.65,2024-12-28,11:14:46,Chennai,ATM,0
17,68,10,37616.49,2024-10-10,17:00:05,Hyderabad,Online,0
18,38,1,6110.38,2025-01-03,10:37:15,Hyderabad,ATM,0
19,51,6,5617.49,2025-05-24,00:10:35,Jaipur,Online,0
20,46,19,20104.8,2024-11-19,12:41:18,Hyderabad,ATM,0
21,70,2,45505.95,2025-06-10,15:05:01,Chennai,ATM,0
22,8,11,17428.7,2025-07-08,04:49:38,Delhi,ATM,0
23,59,29,28731.78,2025-04-01,08:52:24,Jaipur,Online,1
24,3,3,30320.82,2024-11-22,17:32:00,Ahmedabad,POS,0
25,16,18,15891.25,2025-01-22,01:14:57,Kolkata,Online,0
26,69,27,26741.92,2025-01-06,23:09:25,Bangalore,Online,0
27,77,23,43814.45,2024-11-02,02:15:32,Pune,ATM,0
28,42,7,33514.71,2024-12-20,23:02:41,Delhi,ATM,0
29,31,16,49382.67,2025-03-23,05:18:08,Lucknow,ATM,0
30,54,12,24411.1,2025-04-03,05:55:10,Lucknow,ATM,0
31,28,24,37854.74,2024-07-31,06:06:46,Chennai,ATM,0
32,47,9,48935.33,2025-05-17,06:35:29,Kolkata,Online,0
33,28,26,18476.73,2025-05-21,18:23:11,Bangalore,Online,0
34,64,30,43124.17,2024-09-03,06:21:43,Hyderabad,Online,0
35,9,20,14848.67,2025-06-21,22:05:42,Lucknow,ATM,0
36,33,13,42597.33,2024-08-01,20:21:57,Mumbai,Online,0
37,33,16,30952.47,2025-01-05,00:39:10,Chennai,Online,0
38,1,11,4803.93,2024-10-07,10:20:58,Lucknow,POS,0
39,27,15,7062.72,2025-01-02,20:20:24,Delhi,ATM,0
40,77,30,23377.08,2025-01-27,16:49:19,Lucknow,POS,0
41,41,25,39047.99,2025-03-22,11:19:37,Kolkata,POS,0
42,5,7,22384.92,2025-07-12,04:53:52,Chennai,POS,0
43,77,26,26217.45,2024-11-03,17:13:32,Jaipur,POS,0
44,51,21,39515.48,2025-05-23,10:34:13,Kolkata,ATM,0
45,11,9,6213.91,2024-12-28,07:42:50,Jaipur,Online,0
46,5,6,5742.1,2025-07-12,13:03:58,Pune,POS,0
47,45,25,29065.15,2024-08-21,23:47:52,Jaipur,POS,0
48,3,8,4414.23,2024-12-30,12:21:02,Ahmedabad,Online,0
49,27,22,24613.54,2025-04-16,20:41:13,Chennai,POS,0
50,43,9,36721.66,2024-11-09,06:51:51,Ahmedabad,POS,0
51,9,10,22196.0,2024-09-16,08:47:08,Kolkata,POS,0
52,74,11,17749.36,2025-01-10,12:26:39,Delhi,POS,0
53,27,26,40927.59,2025-06-15,05:13:16,Chennai,ATM,0
54,25,11,42650.98,2025-04-11,22:07:21,Chennai,Online,0
55,62,14,13160.16,2025-01-09,11:04:35,Hyderabad,POS,0
56,37,25,35069.96,2025-06-21,03:12:45,Delhi,Online,1
57,45,27,46457.95,2025-01-20,19:51:03,Delhi,Online,0
58,57,19,10498.06,2024-08-06,11:01:42,Kolkata,ATM,0
59,59,19,41107.26,2025-04-28,04:58:16,Mumbai,ATM,0
60,40,25,15557.84,2025-06-09,20:34:51,Kolkata,Online,0
61,38,23,45444.1,2024-08-17,18:36:41,Pune,POS,1
62,1,18,2115.77,2024-09-15,08:48:25,Pune,Online,0
63,34,6,12755.57,2025-01-08,03:02:01,Mumbai,ATM,0
64,26,28,21492.51,2024-08-24,20:26:30,Lucknow,ATM,0
65,72,4,12610.68,2024-08-01,09:32:53,Bangalore,Online,0
66,25,20,22965.77,2025-03-13,15:19:52,Chennai,ATM,0
67,58,26,23429.95,2025-06-14,04:56:37,Bangalore,ATM,0
68,46,28,43986.54,2025-01-18,16:59:32,Hyderabad,POS,0
69,13,9,37408.59,2025-01-05,22:01:24,Pune,Online,0
70,7,2,11848.52,2025-06-13,07:26:37,Pune,ATM,0
71,80,8,7281.0,2025-06-29,11:59:46,Chennai,POS,0
72,63,29,25233.77,2025-05-04,22:17:39,Bangalore,POS,0
73,17,11,25666.67,2025-06-25,04:24:52,Jaipur,Online,0
74,3,25,7847.08,2025-06-12,06:07:53,Chennai,POS,0
75,67,22,49871.39,2024-07-24,15:33:24,Jaipur,POS,0
76,72,28,12457.68,2024-07-25,05:05:40,Lucknow,POS,0
77,32,24,45181.02,2024-09-22,22:28:00,Ahmedabad,Online,0
78,36,14,14545.23,2025-02-13,15:24:56,Kolkata,Online,0
79,26,23,8097.12,2024-10-27,22:10:00,Hyderabad,Online,0
80,63,8,42533.17,2024-12-05,08:21:24,Kolkata,POS,0
81,35,30,38715.86,2025-07-03,22:47:38,Chennai,ATM,0
82,16,28,48902.71,2024-09-07,03:40:02,Hyderabad,Online,0
83,54,22,45306.6,2025-03-15,19:53:34,Lucknow,Online,0
84,38,22,3190.31,2025-04-10,18:32:15,Chennai,POS,0
85,29,7,34772.93,2025-05-01,07:11:41,Mumbai,ATM,0
86,66,17,8982.2,2025-01-22,04:04:19,Pune,POS,0
87,71,14,31984.5,2025-01-15,06:10:14,Pune,POS,0
88,22,29,37964.48,2025-03-19,11:42:20,Chennai,Online,0
89,31,22,33967.67,2024-10-16,15:08:11,Kolkata,Online,0
90,41,17,33611.72,2025-03-04,14:37:51,Jaipur,POS,0
91,50,15,33190.8,2025-06-09,14:54:46,Bangalore,POS,0
92,5,11,29181.73,2025-02-27,16:59:08,Bangalore,Online,0
93,43,17,2422.98,2024-08-19,08:18:22,Mumbai,ATM,0
94,12,26,3855.32,2024-10-18,05:18:38,Jaipur,Online,0
95,74,30,40982.89,2024-07-16,11:40:46,Chennai,ATM,0
96,15,20,30487.3,2025-06-20,18:10:23,Delhi,POS,0
97,15,27,25797.29,2024-07-18,03:19:30,Lucknow,POS,0
98,29,16,18869.77,2025-03-14,23:34:45,Delhi,ATM,0
99,72,25,12965.71,2024-10-28,22:16:10,Hyderabad,Online,0
100,57,13,21678.55,2025-02-18,22:40:22,Hyderabad,Online,0
101,14,11,35715.99,2024-11-06,03:32:48,Delhi,POS,0
102,67,20,22929.94,2025-01-13,06:32:33,Hyderabad,ATM,0
103,7,11,37809.55,2025-01-15,22:00:49,Kolkata,Online,0
104,13,7,9734.4,2024-08-21,08:09:56,Ahmedabad,POS,0
105,64,15,34243.1,2024-10-11,13:11:01,Ahmedabad,ATM,0
106,66,6,3008.24,2025-04-05,07:13:55,Pune,Online,0
107,21,5,19279.35,2025-04-26,20:59:49,Ahmedabad,ATM,0
108,51,7,26138.48,2024-09-17,08:09:58,Chennai,ATM,0
109,68,21,5343.09,2025-03-14,21:07:05,Bangalore,ATM,0
110,6,26,43074.56,2024-12-26,10:27:04,Bangalore,POS,0
111,52,2,41891.5,2025-01-28,15:45:39,Lucknow,Online,0
112,21,27,38453.09,2025-05-02,00:37:46,Mumbai,ATM,1
113,11,3,27298.76,2025-05-21,21:12:23,Ahmedabad,ATM,0
114,74,1,9553.12,2025-02-16,07:07:05,Kolkata,Online,0
115,61,21,35664.78,2024-11-07,09:55:48,Kolkata,ATM,0
116,16,27,14807.74,2024-08-08,14:34:11,Bangalore,POS,0
117,49,8,8342.25,2025-03-18,01:22:02,Lucknow,POS,0
118,46,9,12010.98,2024-09-27,03:50:17,Mumbai,Online,0
119,72,5,39516.31,2024-11-17,12:54:55,Mumbai,Online,0
120,43,24,1911.49,2024-11-05,01:11:51,Pune,ATM,0
121,43,23,20241.0,2024-12-16,20:53:26,Pune,POS,0
122,20,19,44427.5,2024-09-11,06:53:16,Hyderabad,ATM,0
123,19,16,48859.81,2025-07-01,09:51:36,Jaipur,ATM,0
124,66,30,23004.22,2025-03-29,23:19:16,Hyderabad,Online,0
125,42,27,48063.14,2025-01-11,00:05:26,Mumbai,Online,0
126,20,5,1139.38,2025-01-15,03:19:47,Mumbai,Online,0
127,55,23,3986.5,2024-12-26,01:18:35,Kolkata,ATM,0
128,50,29,23551.87,2025-01-09,21:10:48,Kolkata,Online,1
129,23,2,21670.16,2025-06-25,08:37:17,Pune,POS,0
130,71,10,6957.39,2024-09-26,22:19:36,Hyderabad,ATM,0
131,60,12,3305.62,2025-02-11,10:21:32,Bangalore,Online,0
132,49,1,23035.58,2024-10-12,18:39:51,Lucknow,POS,0
133,20,3,9621.56,2025-06-16,07:42:43,Hyderabad,Online,0
134,54,6,48298.47,2024-10-15,01:03:41,Delhi,POS,0
135,48,23,1570.07,2025-03-16,02:18:30,Delhi,Online,0
136,60,5,4889.39,2025-03-21,03:53:07,Ahmedabad,ATM,0
137,70,19,30211.32,2024-09-25,17:29:55,Delhi,ATM,0
138,13,14,40681.59,2025-04-14,15:14:05,Jaipur,Online,0
139,41,30,49094.57,2025-05-21,12:22:42,Lucknow,Online,1
140,23,7,34615.76,2024-07-15,00:08:56,Pune,Online,0
141,11,30,40593.52,2024-12-10,13:25:26,Bangalore,POS,0
142,58,17,30888.23,2024-11-20,00:56:07,Kolkata,ATM,0
143,70,7,6930.83,2025-02-11,09:01:20,Jaipur,Online,1
144,27,3,12907.98,2024-11-24,15:20:26,Chennai,ATM,0
145,74,5,30782.47,2025-04-08,08:14:12,Kolkata,ATM,0
146,76,13,49129.03,2024-08-09,05:25:37,Hyderabad,Online,0
147,31,20,18438.27,2025-01-19,16:53:27,Chennai,POS,0
148,5,18,4083.15,2025-04-13,07:23:31,Delhi,POS,0
149,58,11,39211.01,2025-04-06,03:03:32,Kolkata,Online,0
150,25,28,13548.82,2024-08-22,20:15:02,Jaipur,ATM,0
151,70,26,36424.87,2024-07-13,15:15:28,Chennai,Online,0
152,75,6,36864.4,2024-12-15,18:30:51,Ahmedabad,ATM,0
153,17,12,26832.86,2024-11-18,06:55:13,Bangalore,ATM,0
154,44,6,11224.37,2024-12-25,11:56:24,Hyderabad,ATM,0
155,34,28,41559.8,2025-02-13,19:35:53,Hyderabad,ATM,0
156,45,13,42600.0,2025-04-20,19:45:01,Ahmedabad,ATM,0
157,28,18,46417.37,2024-12-10,18:49:06,Pune,Online,0
158,5,5,47937.12,2025-02-18,15:18:53,Kolkata,POS,1
159,31,7,36449.35,2024-09-29,15:12:01,Bangalore,POS,0
160,25,12,1033.89,2025-02-21,23:04:18,Jaipur,Online,0
161,28,4,1570.16,2024-09-20,11:00:17,Chennai,Online,0
162,66,20,31070.98,2025-04-01,23:52:59,Bangalore,ATM,0
163,69,2,49745.87,2025-01-04,00:10:06,Chennai,POS,0
164,39,12,44959.84,2025-07-07,11:23:24,Mumbai,POS,0
165,62,13,21113.58,2025-03-06,00:57:23,Lucknow,Online,0
166,60,28,23357.17,2024-11-25,03:55:59,Kolkata,Online,0
167,29,26,132.95,2025-03-14,03:31:56,Kolkata,ATM,0
168,39,13,30422.45,2025-05-23,07:37:21,Jaipur,Online,0
169,76,21,49728.7,2025-02-04,04:22:52,Ahmedabad,Online,0
170,70,3,10628.05,2024-07-14,04:56:12,Lucknow,POS,0
171,56,15,44566.88,2024-12-02,04:41:29,Chennai,ATM,0
172,55,22,8045.51,2025-01-11,23:19:34,Ahmedabad,ATM,0
173,40,24,23247.4,2024-10-28,01:42:17,Ahmedabad,ATM,0
174,35,10,7232.98,2025-01-10,13:20:19,Jaipur,ATM,0
175,73,21,25471.27,2025-01-07,08:22:29,Hyderabad,Online,0
176,50,9,32755.64,2025-02-09,15:48:49,Lucknow,POS,0
177,36,8,3046.66,2024-09-09,23:47:43,Ahmedabad,POS,0
178,39,28,49715.24,2025-03-30,05:16:06,Pune,Online,0
179,63,23,29838.17,2025-05-26,03:54:26,Pune,ATM,0
180,73,2,42518.82,2025-03-25,03:06:17,Mumbai,Online,0
181,55,21,40294.83,2025-05-27,11:56:22,Bangalore,ATM,0
182,34,6,25225.91,2025-01-18,16:13:20,Bangalore,ATM,0
183,3,19,4059.38,2025-01-13,02:06:42,Hyderabad,POS,0
184,10,21,19521.37,2025-05-02,16:49:29,Pune,ATM,0
185,22,10,41659.99,2024-09-11,04:39:05,Kolkata,ATM,0
186,68,15,10015.1,2025-06-26,00:42:25,Ahmedabad,Online,0
187,52,8,18041.56,2025-02-12,21:19:00,Hyderabad,ATM,0
188,53,17,5370.56,2025-01-10,19:13:34,Ahmedabad,Online,1
189,66,26,5338.65,2025-03-19,17:59:39,Pune,POS,0
190,53,23,6200.93,2024-11-13,21:19:37,Ahmedabad,Online,0
191,30,17,9365.19,2024-11-29,08:55:38,Bangalore,Online,0
192,50,13,18591.57,2025-01-18,02:44:37,Bangalore,POS,0
193,17,23,21334.71,2024-10-17,17:35:02,Mumbai,ATM,0
194,28,28,25410.64,2025-03-07,00:36:26,Lucknow,ATM,0
195,44,18,24835.24,2025-04-05,10:38:55,Bangalore,ATM,0
196,20,29,31967.01,2024-10-14,22:19:37,Mumbai,ATM,0
197,12,13,13196.85,2024-08-11,05:52:10,Lucknow,ATM,0
198,62,7,36308.34,2025-03-23,16:28:33,Ahmedabad,ATM,0
199,11,20,2580.34,2025-05-10,10:23:06,Hyderabad,POS,0
200,68,11,23007.08,2025-02-01,17:29:39,Jaipur,POS,0
201,43,3,19142.74,2024-10-01,23:35:16,Delhi,Online,0
202,1,25,14176.73,2025-04-29,04:49:09,Chennai,ATM,0
203,16,30,17056.2,2025-02-11,07:38:28,Chennai,Online,0
204,75,11,18635.47,2024-11-07,04:55:18,Mumbai,POS,0
205,44,21,43908.07,2025-06-08,12:38:57,Chennai,ATM,0
206,64,3,23442.88,2024-10-24,21:17:17,Jaipur,ATM,0
207,56,12,17933.26,2024-10-25,13:39:59,Jaipur,ATM,0
208,31,23,17867.22,2025-05-07,15:04:51,Hyderabad,ATM,0
209,14,20,22579.32,2024-12-10,04:46:18,Hyderabad,POS,0
210,54,14,6130.66,2024-11-02,10:43:30,Bangalore,ATM,0
211,33,26,23774.24,2025-05-15,13:24:31,Hyderabad,POS,0
212,72,28,3630.51,2025-07-02,02:50:43,Hyderabad,POS,0
213,36,14,36876.19,2025-01-06,14:17:33,Kolkata,POS,0
214,59,9,28251.32,2025-04-18,12:14:46,Delhi,POS,0
215,9,20,31045.28,2024-11-01,07:18:47,Lucknow,Online,0
216,75,3,40819.64,2025-03-21,10:47:31,Jaipur,Online,0
217,49,25,15914.7,2025-07-09,02:52:21,Ahmedabad,POS,0
218,53,5,40745.81,2025-04-17,08:48:43,Bangalore,Online,0
219,42,25,24383.88,2025-01-13,08:44:06,Ahmedabad,Online,0
220,11,13,31062.04,2024-11-15,01:45:02,Delhi,Online,0
221,72,16,32513.25,2025-03-25,17:44:34,Chennai,ATM,0
222,67,22,26952.97,2024-11-13,06:01:29,Jaipur,POS,0
223,3,18,22933.14,2024-08-10,20:04:23,Pune,Online,0
224,37,21,22600.87,2025-02-26,23:31:10,Ahmedabad,Online,0
225,11,18,35355.52,2024-08-01,21:14:00,Delhi,Online,0
226,48,12,41516.47,2025-06-02,21:53:06,Bangalore,POS,0
227,13,8,44919.85,2024-09-29,02:37:15,Chennai,ATM,0
228,39,29,10775.42,2025-05-06,22:18:00,Lucknow,ATM,0
229,21,27,12892.64,2025-01-29,20:28:33,Hyderabad,Online,0
230,37,2,5045.96,2024-11-17,20:55:46,Ahmedabad,Online,0
231,24,17,1814.45,2024-08-06,11:08:44,Pune,Online,0
232,71,15,33104.56,2024-08-09,11:23:46,Hyderabad,ATM,0
233,11,6,32868.89,2024-10-03,16:22:05,Jaipur,Online,0
234,74,7,26931.83,2025-02-18,12:53:41,Chennai,Online,0
235,12,20,9023.28,2025-02-21,10:57:14,Ahmedabad,POS,0
236,12,28,25388.35,2025-07-02,11:41:15,Kolkata,POS,0
237,52,28,42873.08,2025-04-29,06:31:32,Hyderabad,Online,0
238,19,22,15856.02,2025-01-04,04:42:56,Kolkata,POS,0
239,19,15,11664.2,2025-07-03,01:08:00,Ahmedabad,Online,0
240,31,28,27422.31,2025-01-10,00:59:22,Jaipur,POS,0
241,18,17,28558.36,2025-03-13,17:51:16,Jaipur,Online,0
242,58,27,6090.44,2025-02-12,14:32:23,Ahmedabad,ATM,0
243,1,16,46602.04,2024-08-17,11:38:16,Kolkata,POS,0
244,71,4,7214.88,2024-12-02,11:06:24,Kolkata,ATM,0
245,49,30,28013.95,2024-10-30,11:29:43,Delhi,Online,0
246,66,17,34823.09,2024-08-07,10:06:13,Delhi,Online,0
247,11,21,7732.67,2024-09-05,11:25:40,Lucknow,POS,0
248,33,14,8934.38,2025-01-21,04:34:28,Pune,Online,1
249,30,10,27797.22,2025-03-16,00:03:28,Kolkata,POS,0
250,77,30,16442.33,2024-10-12,06:56:49,Hyderabad,ATM,0
251,36,8,35111.13,2025-04-13,03:58:55,Chennai,Online,0
252,58,10,11062.05,2025-03-14,09:33:54,Ahmedabad,Online,0
253,55,7,31271.07,2025-06-19,14:38:35,Ahmedabad,POS,0
254,33,26,1302.49,2024-10-27,06:21:28,Chennai,POS,0
255,29,18,8620.27,2025-06-29,01:37:14,Pune,POS,0
256,7,6,33828.44,2025-03-06,12:11:02,Mumbai,ATM,0
257,9,26,18441.84,2024-12-30,21:11:03,Delhi,Online,0
258,63,22,14320.44,2025-03-14,09:46:54,Lucknow,Online,0
259,37,9,24698.28,2024-11-26,20:11:51,Pune,POS,0
260,65,14,18647.44,2025-01-20,15:31:20,Lucknow,ATM,0
261,40,26,17938.74,2024-08-12,04:38:13,Kolkata,Online,0
262,6,19,883.02,2024-08-11,23:11:30,Mumbai,POS,0
263,16,28,49782.93,2025-06-25,06:30:39,Bangalore,ATM,0
264,62,26,15036.74,2024-11-16,06:14:06,Bangalore,ATM,0
265,37,19,48510.36,2024-11-04,10:50:16,Lucknow,Online,0
266,64,8,7270.7,2025-01-16,19:21:16,Delhi,ATM,0
267,39,16,5106.41,2025-01-21,06:28:57,Mumbai,POS,0
268,1,22,19278.62,2024-07-18,02:06:44,Kolkata,ATM,0
269,75,15,30330.84,2025-04-26,22:31:31,Kolkata,ATM,0
270,27,2,25581.9,2025-05-01,09:47:20,Lucknow,Online,0
271,26,6,47657.93,2025-07-08,13:43:53,Ahmedabad,Online,0
272,2,4,42661.93,2025-04-20,01:35:28,Kolkata,ATM,0
273,56,7,44585.99,2025-07-09,01:13:40,Hyderabad,Online,0
274,42,14,11378.22,2024-08-11,18:11:25,Chennai,POS,0
275,20,14,14132.21,2025-01-18,17:23:40,Bangalore,Online,0
276,31,11,37385.78,2025-04-12,16:05:36,Chennai,POS,0
277,19,24,13220.17,2025-05-07,12:03:20,Bangalore,Online,0
278,60,30,44241.79,2024-12-03,11:47:50,Delhi,ATM,0
279,42,27,19282.66,2025-05-30,20:36:07,Ahmedabad,ATM,0
280,29,5,35348.87,2025-02-03,20:36:04,Chennai,Online,0
281,10,4,15498.63,2025-05-21,10:15:02,Mumbai,Online,0
282,10,27,32096.25,2024-11-21,11:39:30,Bangalore,POS,0
283,59,5,35938.81,2025-07-13,03:24:44,Kolkata,ATM,0
284,30,24,22971.04,2025-02-13,22:06:51,Hyderabad,POS,0
285,32,1,31734.42,2024-10-07,04:17:57,Hyderabad,Online,0
286,73,29,42058.36,2024-11-22,11:17:55,Jaipur,ATM,0
287,16,5,20076.1,2025-02-17,02:56:35,Kolkata,ATM,0
288,50,7,21667.2,2024-09-20,22:44:45,Chennai,ATM,0
289,41,24,2154.58,2024-08-22,15:16:55,Hyderabad,Online,0
290,21,17,44774.64,2025-04-15,06:43:46,Mumbai,ATM,0
291,76,8,35859.79,2025-05-20,07:35:19,Mumbai,POS,0
292,78,4,43493.68,2024-09-22,03:55:41,Jaipur,POS,0
293,33,30,23189.27,2025-02-14,23:57:56,Kolkata,ATM,0
294,64,2,29067.28,2025-04-09,10:29:13,Kolkata,ATM,0
295,20,28,2648.25,2024-10-29,05:39:22,Bangalore,Online,0
296,66,1,37773.16,2025-06-21,21:55:21,Lucknow,Online,0
297,22,10,32296.54,2024-09-24,16:24:18,Hyderabad,ATM,0
298,52,8,42552.59,2024-12-23,08:31:18,Jaipur,Online,0
299,46,22,7660.79,2025-05-16,13:45:08,Ahmedabad,Online,0
300,11,16,38553.97,2024-10-06,15:41:54,Hyderabad,Online,0
301,37,13,3355.47,2025-01-11,18:25:29,Mumbai,POS,0
302,63,25,21397.76,2025-02-17,07:09:42,Mumbai,POS,0
303,70,24,23796.16,2024-12-11,12:04:02,Chennai,Online,0
304,42,22,19322.87,2025-03-23,09:55:16,Mumbai,Online,0
305,64,2,7269.42,2025-07-09,02:05:21,Mumbai,ATM,0
306,38,21,30095.81,2025-03-26,23:39:52,Ahmedabad,POS,0
307,29,4,12316.83,2024-09-13,19:47:55,Hyderabad,Online,0
308,41,23,16109.27,2025-06-02,02:01:17,Lucknow,Online,0
309,64,23,15027.82,2025-05-05,08:03:57,Delhi,Online,0
310,11,16,39440.21,2025-06-01,11:39:34,Kolkata,POS,0
311,39,22,43458.19,2025-06-04,10:05:49,Kolkata,POS,0
312,64,19,10011.52,2025-06-27,01:27:35,Ahmedabad,POS,0
313,59,1,44748.68,2024-10-21,19:39:52,Delhi,ATM,0
314,50,14,27481.93,2025-01-27,01:16:01,Kolkata,ATM,0
315,80,6,8394.76,2024-08-03,08:43:13,Delhi,ATM,0
316,8,9,44356.08,2025-03-07,16:06:54,Bangalore,ATM,0
317,69,1,9878.73,2025-05-28,02:08:32,Mumbai,POS,0
318,80,11,38763.36,2025-06-02,13:17:06,Mumbai,Online,0
319,32,14,40170.41,2025-05-11,23:20:42,Hyderabad,Online,0
320,74,25,41043.69,2024-11-30,17:44:07,Jaipur,POS,0
321,48,26,13365.88,2025-06-23,09:06:48,Delhi,POS,0
322,33,10,11047.8,2025-02-01,17:00:04,Jaipur,Online,0
323,11,13,12659.5,2025-03-04,23:32:41,Delhi,POS,0
324,9,12,14750.65,2024-10-26,22:35:24,Mumbai,Online,0
325,43,1,18227.69,2025-01-19,08:00:52,Lucknow,ATM,0
326,59,8,7279.59,2024-10-21,01:19:58,Mumbai,Online,0
327,50,16,31053.44,2024-12-16,17:19:35,Kolkata,ATM,0
328,11,5,20479.4,2024-09-12,07:15:35,Chennai,POS,0
329,56,23,39388.73,2024-08-14,12:55:46,Delhi,Online,0
330,11,12,49090.58,2025-05-11,23:59:25,Jaipur,Online,0
331,4,19,26288.05,2024-08-01,20:28:20,Kolkata,ATM,0
332,6,10,13684.33,2025-01-01,05:19:48,Chennai,POS,0
333,41,23,36421.48,2025-03-01,14:53:55,Jaipur,POS,0
334,40,17,852.64,2025-04-01,21:39:23,Lucknow,POS,0
335,43,8,37234.91,2024-07-29,07:15:26,Bangalore,ATM,0
336,9,4,31618.57,2024-09-30,16:21:43,Pune,ATM,0
337,40,22,27805.59,2025-04-04,20:47:57,Hyderabad,Online,0
338,14,8,1475.14,2025-04-23,11:47:32,Kolkata,Online,0
339,3,11,9828.23,2024-12-03,20:58:45,Lucknow,ATM,0
340,67,8,23342.12,2024-11-02,01:07:33,Bangalore,ATM,0
341,22,29,29351.97,2025-03-15,13:41:37,Mumbai,ATM,0
342,33,29,46808.02,2024-08-02,18:59:32,Delhi,Online,0
343,58,10,38843.18,2024-10-27,04:09:07,Hyderabad,Online,0
344,20,9,137.58,2024-07-31,11:43:22,Lucknow,ATM,0
345,60,5,21238.15,2025-06-16,11:45:05,Kolkata,Online,0
346,13,13,34245.58,2025-04-27,02:42:03,Jaipur,ATM,0
347,31,15,3599.19,2024-09-08,03:26:10,Kolkata,ATM,0
348,61,29,9781.99,2025-06-21,04:57:05,Ahmedabad,ATM,0
349,74,13,42879.44,2024-08-31,03:02:58,Hyderabad,Online,0
350,23,23,41887.25,2025-01-10,09:26:08,Bangalore,ATM,0
351,14,6,12500.98,2025-03-05,07:40:55,Kolkata,POS,0
352,79,23,19711.03,2025-06-06,04:10:34,Hyderabad,Online,0
353,19,16,32974.62,2025-01-29,20:50:18,Mumbai,Online,0
354,65,17,7222.14,2024-07-25,19:57:17,Hyderabad,ATM,0
355,52,29,34455.91,2024-08-16,15:53:49,Chennai,Online,0
356,25,1,49585.21,2025-02-19,08:30:28,Bangalore,POS,0
357,52,25,5608.68,2024-08-23,21:29:36,Kolkata,ATM,0
358,27,9,37556.71,2024-11-23,19:18:27,Hyderabad,ATM,0
359,52,22,2897.65,2024-11-10,13:13:40,Mumbai,POS,0
360,66,25,15574.64,2025-01-10,10:04:25,Lucknow,Online,0
361,4,5,42988.06,2024-10-10,21:32:09,Lucknow,ATM,0
362,70,24,46150.83,2025-05-06,15:05:07,Lucknow,Online,0
363,10,9,12041.62,2025-04-05,21:00:45,Chennai,ATM,0
364,35,23,43046.13,2025-06-01,16:55:07,Kolkata,ATM,1
365,55,25,22164.7,2024-08-28,03:11:12,Pune,Online,0
366,57,24,42098.19,2024-11-04,18:30:41,Delhi,Online,0
367,66,1,6877.62,2024-11-19,19:52:50,Lucknow,Online,0
368,73,11,43222.93,2025-04-17,18:17:46,Pune,Online,0
369,56,25,35071.44,2024-12-12,02:24:16,Pune,POS,0
370,10,24,35110.59,2025-03-20,01:37:20,Mumbai,POS,0
371,6,15,5390.94,2024-10-21,07:20:30,Kolkata,POS,0
372,61,10,46994.34,2025-03-21,13:49:48,Pune,ATM,0
373,60,20,13040.54,2024-10-08,15:57:15,Hyderabad,POS,0
374,57,22,31785.44,2024-10-30,23:24:33,Delhi,Online,1
375,13,3,38056.49,2025-06-30,17:57:28,Hyderabad,POS,0
376,45,7,38592.34,2024-11-27,18:27:45,Delhi,ATM,0
377,11,2,32955.05,2025-01-04,05:18:58,Ahmedabad,Online,0
378,43,4,12751.97,2025-03-16,15:05:38,Pune,POS,0
379,5,5,10797.45,2025-04-06,22:23:52,Delhi,Online,0
380,36,1,16997.37,2024-08-07,04:34:35,Kolkata,ATM,0
381,60,15,42044.07,2024-08-02,00:54:59,Bangalore,Online,0
382,78,1,25242.71,2024-12-29,17:55:07,Hyderabad,ATM,0
383,68,27,48819.83,2024-10-26,09:18:51,Lucknow,POS,0
384,31,27,12371.9,2025-06-11,07:26:07,Ahmedabad,Online,0
385,36,18,39755.44,2025-02-07,01:44:11,Kolkata,Online,0
386,23,29,6998.8,2025-05-03,18:12:48,Bangalore,ATM,0
387,44,19,43064.11,2024-07-31,00:18:53,Mumbai,Online,0
388,3,15,22378.75,2024-09-23,07:12:15,Hyderabad,POS,0
389,63,3,19422.48,2025-06-13,14:39:32,Chennai,POS,0
390,52,11,495.45,2024-08-23,09:02:51,Pune,POS,0
391,78,4,44533.45,2024-08-18,23:01:39,Delhi,Online,1
392,32,30,47205.91,2024-10-10,10:09:33,Lucknow,POS,0
393,72,10,40663.23,2024-09-25,04:53:10,Delhi,ATM,0
394,24,18,42463.65,2025-02-21,14:26:25,Jaipur,Online,0
395,22,24,12826.78,2024-07-30,08:42:56,Mumbai,POS,0
396,66,7,9453.26,2024-10-21,12:44:42,Jaipur,POS,0
397,19,9,19797.35,2025-03-05,02:16:04,Hyderabad,Online,0
398,32,10,2286.21,2025-06-08,19:34:09,Mumbai,Online,0
399,28,14,15987.04,2025-01-11,03:00:29,Kolkata,ATM,0
400,17,10,37322.39,2024-09-11,19:44:09,Hyderabad,ATM,0
401,23,21,34136.46,2024-11-20,05:44:15,Delhi,ATM,0
402,77,26,25248.66,2024-08-30,01:43:36,Kolkata,POS,0
403,37,27,28509.71,2025-07-11,18:24:07,Ahmedabad,POS,0
404,49,6,44728.79,2025-02-20,00:29:41,Lucknow,Online,0
405,26,28,45734.69,2024-11-09,19:24:25,Chennai,POS,0
406,46,3,47302.45,2025-06-24,10:47:44,Bangalore,POS,0
407,28,30,41899.18,2024-08-14,22:01:33,Chennai,POS,0
408,4,20,41337.59,2024-09-26,12:49:21,Jaipur,Online,0
409,30,18,6184.88,2025-01-28,01:13:42,Lucknow,POS,0
410,48,4,28268.13,2024-08-15,14:38:14,Ahmedabad,POS,0
411,44,2,30146.82,2025-03-20,22:59:28,Pune,POS,0
412,20,10,4612.93,2025-01-03,06:19:51,Lucknow,Online,0
413,33,22,16214.38,2025-02-15,06:40:26,Jaipur,POS,0
414,56,7,28260.23,2024-10-04,03:19:56,Hyderabad,POS,0
415,22,5,19869.7,2025-06-08,19:25:06,Jaipur,Online,0
416,20,1,23400.55,2024-11-04,15:41:03,Lucknow,Online,0
417,51,13,41019.2,2025-02-27,08:58:22,Delhi,Online,0
418,73,21,42116.39,2025-07-02,03:38:55,Kolkata,ATM,0
419,31,17,19786.61,2025-04-28,21:24:57,Jaipur,Online,0
420,7,20,22439.83,2025-06-19,00:10:53,Hyderabad,POS,0
421,71,15,1988.41,2024-09-02,04:15:56,Mumbai,ATM,0
422,3,19,40312.09,2025-07-04,17:43:45,Hyderabad,ATM,0
423,31,20,13444.2,2025-03-27,08:31:15,Hyderabad,POS,0
424,70,14,47678.35,2024-11-08,10:06:41,Ahmedabad,Online,0
425,29,25,32057.15,2025-04-11,19:22:57,Chennai,ATM,0
426,15,15,23835.05,2024-10-24,04:36:46,Delhi,Online,0
427,50,14,24994.91,2025-02-24,15:31:13,Mumbai,ATM,0
428,19,3,24646.23,2025-07-13,13:52:58,Pune,POS,0
429,68,22,33607.44,2024-11-18,03:16:39,Pune,ATM,0
430,49,6,11231.1,2025-05-23,23:51:54,Bangalore,Online,0
431,22,15,13090.45,2025-03-01,02:24:21,Chennai,ATM,0
432,72,11,28752.13,2024-11-09,21:06:58,Delhi,POS,0
433,2,1,866.32,2025-04-12,21:28:28,Hyderabad,ATM,0
434,33,7,32745.55,2024-08-09,00:07:20,Mumbai,POS,0
435,68,27,26370.57,2024-08-24,11:30:28,Mumbai,Online,0
436,34,10,2201.42,2025-02-09,19:42:39,Mumbai,ATM,0
437,20,12,33880.69,2024-12-30,11:04:40,Bangalore,ATM,0
438,40,10,25783.47,2025-07-08,01:36:26,Mumbai,POS,0
439,65,10,44648.87,2025-01-26,22:12:04,Ahmedabad,POS,0
440,76,9,31583.41,2025-03-22,18:37:13,Hyderabad,POS,0
441,72,8,40913.88,2025-01-26,10:24:18,Kolkata,ATM,0
442,37,24,37020.21,2024-09-25,13:33:32,Bangalore,Online,0
443,28,16,17137.49,2025-03-27,15:11:05,Chennai,POS,0
444,80,12,44624.2,2025-02-12,16:08:54,Jaipur,Online,0
445,15,16,44123.0,2025-06-17,07:31:15,Lucknow,ATM,0
446,8,11,1427.21,2025-04-27,13:30:35,Chennai,POS,0
447,43,22,5067.39,2024-10-24,04:00:42,Jaipur,Online,0
448,56,14,2892.54,2025-02-19,18:24:28,Pune,Online,0
449,61,1,25077.4,2025-07-01,03:26:42,Lucknow,POS,0
450,37,28,22165.82,2024-07-19,22:12:14,Hyderabad,POS,0
451,23,7,29786.93,2024-10-06,05:49:57,Pune,Online,0
452,44,30,31266.52,2025-01-10,18:56:24,Mumbai,POS,0
453,78,30,10369.07,2025-02-09,22:42:44,Chennai,Online,0
454,69,6,6059.93,2024-08-14,23:45:33,Chennai,POS,0
455,5,20,32958.86,2025-03-13,12:48:14,Mumbai,POS,0
456,2,1,657.55,2024-10-27,16:47:43,Lucknow,ATM,0
457,37,22,28443.39,2025-02-25,13:14:38,Bangalore,Online,0
458,57,20,16489.95,2025-05-09,10:39:00,Kolkata,POS,0
459,72,21,2205.84,2025-05-26,20:55:29,Jaipur,ATM,0
460,41,11,23531.16,2025-06-20,08:36:01,Lucknow,POS,0
461,48,9,30086.17,2024-08-06,09:14:40,Pune,Online,0
462,65,11,36218.9,2024-12-24,07:18:39,Kolkata,ATM,0
463,65,10,32853.41,2025-01-14,17:47:29,Pune,POS,1
464,64,27,4311.07,2025-01-25,14:57:43,Jaipur,ATM,0
465,44,28,18207.63,2025-03-30,18:26:20,Hyderabad,ATM,1
466,65,30,4626.97,2024-07-13,19:35:07,Kolkata,POS,0
467,18,27,40790.5,2025-02-07,04:08:43,Hyderabad,Online,0
468,68,1,16380.0,2024-11-13,14:42:53,Kolkata,ATM,0
469,6,27,35985.62,2024-08-06,21:07:50,Jaipur,POS,0
470,40,8,8705.6,2025-02-15,06:38:31,Ahmedabad,Online,0
471,6,11,29646.22,2024-07-20,13:08:58,Delhi,POS,0
472,12,18,48137.96,2025-05-11,11:36:55,Jaipur,ATM,0
473,68,2,30024.64,2024-10-08,23:04:13,Ahmedabad,POS,0
474,53,15,30241.04,2024-11-27,11:10:19,Bangalore,POS,0
475,39,21,12595.81,2025-05-26,09:39:04,Hyderabad,POS,0
476,18,17,21202.82,2024-10-08,04:17:22,Bangalore,Online,0
477,60,4,34352.65,2025-04-27,11:10:02,Pune,Online,0
478,4,8,31333.7,2024-09-14,23:25:07,Chennai,ATM,0
479,40,19,17963.25,2024-11-09,06:09:14,Lucknow,Online,0
480,6,27,39845.36,2024-12-26,05:17:07,Pune,Online,0
481,23,22,8917.32,2025-03-07,12:03:56,Delhi,ATM,0
482,78,9,31169.32,2025-04-13,01:09:44,Pune,POS,0
483,26,5,45220.16,2025-01-01,00:22:01,Chennai,Online,0
484,1,20,32124.14,2024-10-29,20:41:48,Pune,Online,0
485,59,2,40712.5,2025-05-30,17:39:50,Pune,POS,0
486,56,29,23004.47,2024-09-26,15:13:01,Ahmedabad,ATM,0
487,7,24,49572.93,2024-12-26,01:27:02,Mumbai,POS,0
488,18,7,44425.35,2025-01-20,02:57:59,Kolkata,POS,0
489,7,7,29922.31,2024-11-19,10:59:00,Mumbai,ATM,0
490,68,2,29514.88,2024-11-28,13:55:46,Jaipur,POS,0
491,32,9,47835.34,2024-10-07,12:37:11,Chennai,POS,0
492,33,11,42379.95,2025-03-23,13:09:03,Kolkata,Online,0
493,69,21,1954.32,2025-04-29,19:56:34,Kolkata,POS,0
494,23,1,18078.95,2025-06-17,06:26:56,Bangalore,Online,0
495,23,17,8921.34,2024-09-10,22:00:26,Ahmedabad,Online,0
496,2,18,27734.6,2024-12-28,22:30:49,Lucknow,ATM,0
497,6,15,41432.39,2024-09-09,06:45:31,Pune,ATM,0
498,46,2,22567.71,2024-11-22,13:25:22,Bangalore,Online,0
499,6,2,14579.84,2024-10-15,15:50:34,Chennai,ATM,0
500,77,9,34163.41,2025-04-22,04:31:59,Chennai,POS,0
501,73,16,30804.71,2025-06-03,11:04:47,Pune,POS,0
502,17,21,25443.74,2024-10-29,09:55:13,Kolkata,ATM,0
503,50,7,41954.06,2024-09-10,06:14:38,Lucknow,Online,0
504,45,26,3134.47,2024-08-15,04:51:33,Chennai,Online,0
505,6,21,45722.94,2024-08-14,18:47:31,Mumbai,Online,0
506,36,20,6149.87,2024-12-27,07:19:57,Kolkata,POS,0
507,54,10,40755.04,2024-11-13,13:31:06,Ahmedabad,ATM,0
508,22,24,40241.11,2025-02-27,09:43:01,Jaipur,POS,0
509,12,17,9462.21,2024-09-28,05:24:54,Hyderabad,POS,0
510,27,23,17022.86,2025-01-28,01:03:38,Lucknow,ATM,0
511,42,4,39511.64,2024-10-18,13:17:01,Chennai,POS,1
512,31,30,37758.62,2024-11-26,13:50:31,Kolkata,Online,0
513,5,19,24053.92,2024-08-09,18:36:38,Hyderabad,POS,0
514,18,13,13259.83,2025-06-23,18:55:46,Ahmedabad,Online,0
515,44,27,18082.42,2025-03-17,13:23:52,Hyderabad,Online,0
516,66,1,6476.6,2024-09-27,07:46:29,Bangalore,POS,0
517,38,25,28791.15,2025-05-18,12:59:25,Kolkata,ATM,0
518,21,30,35734.31,2025-06-21,10:23:41,Bangalore,ATM,0
519,54,3,36346.68,2025-01-31,06:06:52,Bangalore,Online,0
520,44,8,34244.36,2024-10-24,23:09:02,Bangalore,POS,0
521,50,1,49371.24,2024-08-25,14:31:42,Hyderabad,Online,0
522,24,4,29137.23,2024-11-02,20:21:31,Lucknow,ATM,0
523,28,7,6208.73,2025-02-28,03:33:28,Chennai,Online,0
524,64,4,32007.57,2024-12-04,12:54:13,Pune,Online,0
525,79,5,15818.17,2024-12-04,10:41:44,Ahmedabad,Online,0
526,79,20,41716.65,2025-01-06,16:01:25,Delhi,ATM,0
527,32,6,36329.32,2024-08-08,06:32:03,Hyderabad,POS,0
528,19,13,15477.16,2024-08-05,17:51:19,Ahmedabad,Online,0
529,74,15,6036.91,2024-08-10,04:30:40,Kolkata,POS,0
530,43,13,9175.23,2024-09-28,06:41:50,Kolkata,Online,0
531,32,18,41640.0,2024-12-13,06:10:48,Mumbai,ATM,0
532,29,21,43139.25,2024-12-26,03:23:03,Pune,ATM,0
533,60,3,30844.73,2025-03-25,18:24:15,Pune,Online,0
534,36,5,7188.98,2025-04-13,20:58:15,Delhi,Online,0
535,57,20,15603.44,2025-07-10,19:37:50,Jaipur,Online,0
536,40,12,24794.63,2025-06-11,17:41:01,Lucknow,Online,0
537,78,29,14140.42,2025-05-31,06:02:17,Ahmedabad,POS,0
538,23,9,18791.38,2024-10-27,06:12:00,Jaipur,POS,0
539,65,29,18793.48,2025-07-09,22:30:19,Delhi,ATM,0
540,40,2,35883.34,2025-04-08,23:44:49,Ahmedabad,Online,0
541,3,5,43149.64,2024-12-26,03:25:47,Mumbai,POS,0
542,4,16,48093.9,2025-01-24,05:44:02,Bangalore,ATM,0
543,67,27,9268.76,2024-10-01,03:20:42,Bangalore,ATM,0
544,19,22,13273.56,2025-02-19,06:18:05,Hyderabad,Online,0
545,46,23,35223.7,2025-04-21,17:58:11,Lucknow,Online,1
546,50,7,49145.18,2024-12-16,03:49:05,Ahmedabad,ATM,0
547,16,25,12319.43,2025-07-11,16:30:37,Kolkata,Online,0
548,62,9,25754.39,2024-08-22,00:57:28,Bangalore,POS,0
549,26,29,49289.22,2024-09-29,02:00:12,Lucknow,ATM,0
550,4,21,26389.82,2025-04-19,20:52:18,Jaipur,ATM,0
551,61,22,3586.55,2024-11-14,13:32:11,Jaipur,POS,0
552,80,25,49191.04,2024-09-24,17:26:32,Pune,POS,0
553,21,13,45446.91,2024-08-11,08:53:13,Hyderabad,ATM,0
554,67,25,20802.47,2024-09-26,20:40:18,Kolkata,ATM,0
555,78,2,49442.15,2024-11-20,11:00:34,Chennai,Online,0
556,39,29,44937.98,2025-06-09,01:57:26,Jaipur,Online,0
557,11,22,18869.67,2025-06-07,16:17:31,Hyderabad,ATM,0
558,56,2,21212.78,2024-12-13,01:39:41,Bangalore,Online,0
559,58,29,15192.83,2024-09-13,21:25:05,Bangalore,POS,0
560,77,25,2401.03,2025-01-15,23:03:36,Mumbai,POS,0
561,10,19,12724.41,2025-01-22,12:26:07,Ahmedabad,ATM,0
562,41,19,30147.22,2024-08-29,20:54:24,Lucknow,POS,0
563,17,10,37078.0,2025-06-02,12:28:19,Hyderabad,Online,0
564,20,17,17571.67,2025-03-18,21:47:42,Lucknow,POS,0
565,28,29,8454.78,2025-06-27,16:25:36,Chennai,Online,0
566,33,21,35218.72,2025-07-09,20:37:47,Delhi,POS,0
567,14,24,25841.44,2025-07-05,04:03:02,Kolkata,Online,0
568,62,5,48912.94,2025-05-15,10:43:41,Jaipur,Online,0
569,45,30,7034.4,2025-03-28,13:56:23,Ahmedabad,Online,0
570,3,25,7082.15,2025-04-04,18:31:33,Ahmedabad,Online,0
571,41,5,24209.34,2025-06-21,19:54:00,Hyderabad,ATM,0
572,3,16,31904.82,2024-10-07,03:26:33,Hyderabad,Online,0
573,11,18,21200.24,2024-12-18,12:54:30,Delhi,POS,0
574,28,19,14481.61,2024-08-12,15:08:48,Jaipur,Online,0
575,50,13,16851.14,2025-01-10,21:02:27,Jaipur,Online,0
576,4,9,29301.75,2024-08-28,14:23:59,Hyderabad,ATM,0
577,6,30,49711.99,2025-06-03,09:14:04,Jaipur,ATM,0
578,18,8,25206.59,2024-11-25,16:27:30,Pune,POS,0
579,80,30,46461.79,2024-10-20,18:14:40,Kolkata,POS,0
580,8,30,42373.64,2025-02-19,08:26:42,Delhi,ATM,0
581,13,19,18781.55,2025-03-26,12:28:08,Chennai,POS,0
582,64,2,49629.77,2025-05-24,15:05:26,Jaipur,ATM,0
583,52,24,46419.96,2025-06-18,01:55:55,Jaipur,ATM,0
584,73,23,46774.21,2025-02-04,12:10:23,Chennai,Online,0
585,10,3,9887.17,2024-12-24,18:11:01,Delhi,ATM,0
586,65,8,37928.89,2024-08-15,21:30:23,Lucknow,Online,0
587,2,5,6799.53,2024-12-25,05:58:05,Pune,Online,0
588,59,2,16234.01,2025-03-30,17:59:47,Kolkata,POS,0
589,53,24,49803.75,2025-07-05,18:42:43,Delhi,ATM,0
590,46,6,2142.2,2024-09-26,01:54:56,Delhi,ATM,0
591,2,27,21710.54,2025-05-04,12:20:08,Hyderabad,Online,0
592,26,17,5579.42,2025-04-18,22:06:26,Delhi,POS,0
593,66,18,38694.21,2025-05-06,06:31:31,Delhi,POS,0
594,62,10,16398.08,2025-02-08,23:43:42,Mumbai,POS,0
595,59,26,12820.21,2024-10-29,13:55:37,Pune,Online,0
596,59,14,4791.81,2025-04-25,15:26:25,Jaipur,POS,0
597,1,15,15565.42,2025-03-11,01:50:46,Delhi,Online,0
598,50,17,16394.0,2025-04-27,23:16:19,Kolkata,ATM,0
599,8,2,47494.72,2025-05-29,10:22:40,Kolkata,Online,0
600,22,9,21166.43,2025-02-07,14:07:46,Ahmedabad,POS,0
601,66,18,31785.35,2025-03-30,14:58:45,Chennai,ATM,0
602,1,23,7683.89,2025-03-07,13:57:55,Chennai,Online,0
603,64,19,16213.7,2024-12-06,07:16:14,Delhi,POS,0
604,25,15,17167.76,2024-10-29,18:16:29,Ahmedabad,POS,0
605,40,2,39947.06,2024-10-01,12:32:58,Pune,ATM,0
606,73,28,6874.31,2025-06-09,07:29:56,Bangalore,POS,0
607,36,27,5474.09,2024-09-18,03:55:17,Pune,Online,0
608,49,3,22294.31,2024-09-25,13:26:09,Ahmedabad,Online,0
609,68,6,17096.15,2024-08-03,01:48:54,Lucknow,ATM,0
610,37,28,9020.63,2025-01-28,18:55:24,Pune,POS,0
611,2,4,6434.45,2025-01-01,22:11:48,Chennai,ATM,0
612,52,19,875.5,2024-12-27,23:44:31,Lucknow,POS,0
613,54,22,48138.19,2024-07-26,13:36:34,Ahmedabad,ATM,0
614,10,25,34245.96,2025-06-11,00:33:40,Jaipur,POS,0
615,22,10,3011.77,2025-03-31,02:37:52,Pune,ATM,0
616,30,5,22532.91,2024-09-11,01:52:58,Kolkata,ATM,0
617,36,30,26461.28,2024-11-28,02:22:09,Jaipur,POS,0
618,71,30,40940.12,2024-09-18,10:50:20,Pune,POS,0
619,18,29,26199.5,2025-06-16,17:40:10,Bangalore,Online,0
620,56,2,20783.14,2025-03-09,00:52:42,Bangalore,POS,0
621,34,4,4255.48,2025-03-20,17:43:38,Jaipur,ATM,0
622,37,30,40066.31,2025-01-03,15:53:12,Ahmedabad,POS,0
623,9,14,18735.69,2025-07-09,23:11:41,Delhi,ATM,0
624,28,14,47711.09,2025-04-05,12:51:04,Mumbai,ATM,0
625,71,10,2656.25,2024-10-21,04:35:53,Jaipur,ATM,0
626,11,30,15441.68,2025-02-04,22:21:02,Delhi,POS,0
627,35,6,45615.56,2024-11-12,08:53:24,Bangalore,POS,0
628,71,15,25613.15,2024-09-18,14:41:08,Mumbai,ATM,0
629,73,6,595.86,2024-07-15,06:15:44,Ahmedabad,POS,0
630,31,27,27205.76,2024-11-21,09:00:17,Ahmedabad,POS,0
631,64,3,19099.58,2024-11-29,19:32:34,Chennai,POS,0
632,55,20,4403.29,2025-04-15,09:03:33,Delhi,Online,0
633,8,1,12212.43,2025-02-12,03:03:10,Hyderabad,ATM,0
634,22,18,6258.65,2025-04-12,04:08:36,Chennai,POS,0
635,1,19,32941.93,2024-10-07,22:41:20,Pune,Online,0
636,34,15,46201.71,2025-03-17,08:25:49,Mumbai,Online,0
637,18,8,28694.27,2024-09-15,11:52:27,Mumbai,POS,1
638,36,18,49055.62,2024-09-24,03:56:35,Kolkata,POS,0
639,16,25,28446.23,2025-04-24,02:24:04,Chennai,Online,0
640,32,2,29270.22,2025-04-15,23:25:37,Chennai,Online,0
641,38,27,37325.54,2024-07-16,22:53:25,Delhi,POS,0
642,51,30,35795.8,2024-12-19,23:52:04,Jaipur,Online,0
643,34,30,19977.19,2025-03-29,01:15:33,Kolkata,POS,0
644,56,17,10421.9,2025-01-20,10:29:02,Lucknow,ATM,0
645,12,8,44022.13,2024-12-15,09:50:20,Kolkata,POS,0
646,62,7,3661.21,2024-08-26,08:46:23,Mumbai,POS,0
647,56,6,3822.14,2025-03-20,06:29:59,Hyderabad,ATM,0
648,54,20,5151.18,2025-02-08,13:09:25,Bangalore,POS,0
649,7,19,49848.76,2024-08-12,13:32:13,Lucknow,ATM,0
650,5,10,3518.9,2024-08-06,07:11:56,Jaipur,POS,0
651,15,1,8957.32,2024-11-14,06:38:47,Chennai,Online,0
652,45,15,13480.11,2024-11-19,22:34:44,Jaipur,ATM,0
653,10,23,1821.81,2024-11-28,17:03:31,Kolkata,Online,0
654,10,20,1113.93,2024-11-22,22:53:57,Chennai,ATM,0
655,77,14,48959.37,2025-04-19,00:36:38,Bangalore,POS,0
656,6,22,17589.35,2024-10-07,19:24:59,Ahmedabad,Online,0
657,9,7,27134.42,2024-12-05,18:41:45,Delhi,ATM,0
658,30,5,39250.25,2025-01-05,20:51:55,Jaipur,POS,0
659,63,15,15351.82,2025-04-20,01:25:35,Delhi,Online,0
660,64,17,42454.22,2025-01-05,18:26:28,Bangalore,Online,0
661,76,1,3765.13,2025-03-22,12:10:10,Hyderabad,Online,0
662,1,7,10257.49,2025-01-20,16:32:20,Bangalore,POS,0
663,56,6,42595.99,2025-02-07,07:03:29,Bangalore,ATM,0
664,10,6,36588.71,2024-08-01,20:30:36,Ahmedabad,Online,0
665,51,25,33347.98,2025-03-27,20:21:30,Delhi,ATM,0
666,11,14,45336.05,2024-09-15,15:10:02,Chennai,Online,0
667,61,15,10944.71,2025-05-07,01:24:50,Delhi,POS,0
668,29,3,8250.43,2025-04-19,04:19:56,Kolkata,POS,0
669,21,28,11554.98,2025-05-20,15:55:32,Hyderabad,ATM,1
670,32,29,23400.48,2024-12-20,13:12:05,Kolkata,Online,0
671,53,17,49181.43,2024-10-15,11:34:08,Chennai,Online,0
672,12,17,3400.9,2024-11-25,23:45:43,Mumbai,ATM,0
673,14,30,13165.28,2024-10-28,04:24:14,Mumbai,ATM,0
674,35,5,49619.17,2025-05-08,02:45:23,Chennai,POS,0
675,57,13,24266.72,2025-03-12,15:39:46,Jaipur,POS,0
676,55,20,5673.74,2024-11-21,19:15:18,Pune,ATM,0
677,55,12,19359.69,2025-02-13,23:27:36,Jaipur,ATM,0
678,55,17,10846.35,2024-12-06,05:48:36,Hyderabad,Online,0
679,77,15,20288.37,2025-01-28,18:34:22,Lucknow,POS,0
680,75,4,43774.38,2024-10-06,14:08:35,Ahmedabad,ATM,0
681,6,8,26127.82,2025-03-19,20:16:41,Hyderabad,ATM,0
682,39,20,37182.68,2025-05-17,05:23:52,Mumbai,Online,0
683,3,24,27756.9,2024-12-21,04:38:42,Mumbai,POS,0
684,5,12,8689.77,2024-11-09,23:30:42,Delhi,Online,0
685,46,14,6383.71,2025-05-18,18:47:18,Bangalore,Online,0
686,30,27,10033.9,2024-10-18,15:00:20,Delhi,ATM,0
687,63,9,29467.29,2024-10-01,16:59:38,Chennai,Online,0
688,52,11,32647.39,2024-12-16,14:20:48,Jaipur,ATM,0
689,54,14,44236.13,2025-03-19,11:32:38,Ahmedabad,POS,0
690,74,2,20580.59,2024-12-15,09:00:08,Mumbai,POS,0
691,51,21,12279.34,2025-03-25,07:22:00,Mumbai,Online,0
692,40,16,25917.89,2025-06-30,16:53:09,Mumbai,ATM,0
693,7,4,1858.25,2025-01-24,10:09:42,Ahmedabad,POS,0
694,56,15,9559.94,2024-12-15,07:48:00,Delhi,ATM,0
695,62,11,8372.18,2025-06-02,08:43:29,Bangalore,POS,0
696,39,6,13892.9,2025-04-21,18:05:06,Chennai,ATM,0
697,49,17,49053.12,2025-05-17,01:57:09,Pune,POS,0
698,65,27,49003.37,2025-04-13,03:36:10,Lucknow,POS,0
699,62,25,9675.79,2024-12-11,10:36:05,Bangalore,Online,0
700,71,7,39064.59,2024-11-18,06:03:50,Lucknow,Online,0
701,28,24,43032.63,2025-03-11,02:17:35,Mumbai,ATM,0
702,46,13,17769.86,2024-09-14,04:56:31,Chennai,Online,0
703,34,20,39262.83,2024-08-03,00:11:11,Lucknow,ATM,0
704,9,28,7216.07,2025-05-06,11:55:33,Jaipur,Online,0
705,58,11,10923.05,2025-02-19,10:54:15,Chennai,ATM,0
706,10,11,49741.6,2024-12-24,01:23:18,Delhi,ATM,0
707,51,19,48572.92,2025-05-29,23:38:05,Kolkata,ATM,0
708,64,8,24207.07,2025-05-08,16:56:35,Lucknow,POS,0
709,48,30,42450.43,2025-01-11,05:06:18,Bangalore,Online,0
710,73,22,46061.54,2024-12-23,08:16:51,Mumbai,ATM,0
711,39,26,14376.96,2024-12-21,14:28:30,Bangalore,Online,0
712,5,23,26467.98,2025-01-27,12:58:59,Lucknow,POS,0
713,30,27,22043.0,2025-02-10,10:18:53,Delhi,Online,0
714,45,18,39175.87,2024-10-30,18:05:32,Mumbai,Online,0
715,65,29,47654.73,2025-03-08,09:52:44,Hyderabad,ATM,0
716,13,28,42634.81,2024-11-03,05:18:49,Mumbai,POS,0
717,73,2,10524.75,2025-06-10,08:21:00,Hyderabad,ATM,0
718,30,24,29471.45,2025-04-18,00:26:02,Chennai,POS,0
719,13,9,13983.39,2025-07-13,19:25:25,Chennai,POS,0
720,27,15,2655.23,2024-12-29,03:52:27,Lucknow,Online,0
721,76,15,24197.88,2025-05-05,20:42:18,Pune,ATM,0
722,7,25,49123.59,2024-08-18,04:21:17,Delhi,POS,0
723,7,2,18394.44,2024-09-11,02:24:00,Delhi,POS,0
724,18,30,31249.97,2025-05-10,20:49:45,Mumbai,Online,0
725,36,12,37845.53,2025-04-11,18:32:13,Jaipur,POS,0
726,23,18,24818.48,2025-03-21,01:45:23,Delhi,POS,0
727,1,15,6910.96,2024-12-25,13:23:18,Chennai,POS,0
728,9,24,19515.12,2025-04-19,03:55:49,Delhi,Online,0
729,6,19,46499.88,2024-09-05,08:50:14,Pune,Online,0
730,51,3,15432.05,2025-01-05,04:30:12,Hyderabad,ATM,0
731,55,11,4125.92,2025-04-06,20:50:18,Mumbai,Online,0
732,11,15,32956.91,2025-01-29,10:11:20,Chennai,Online,0
733,43,2,23836.59,2025-07-10,14:36:31,Bangalore,POS,0
734,62,28,23890.37,2024-10-17,21:49:23,Hyderabad,POS,0
735,21,16,23099.17,2025-01-30,02:09:00,Bangalore,ATM,0
736,4,22,16656.09,2024-10-06,10:34:58,Lucknow,POS,0
737,59,14,46292.21,2025-05-21,17:47:48,Delhi,Online,0
738,12,22,45281.41,2024-08-10,20:36:53,Kolkata,Online,0
739,5,28,44477.89,2025-01-29,15:09:49,Chennai,ATM,0
740,1,6,34486.96,2024-08-16,19:06:40,Kolkata,POS,0
741,79,23,16122.09,2025-01-30,12:04:04,Lucknow,ATM,0
742,29,5,29116.21,2025-03-03,10:38:03,Jaipur,ATM,0
743,29,30,43151.2,2025-03-15,21:42:53,Bangalore,Online,0
744,35,15,48651.01,2024-09-30,22:04:39,Pune,POS,0
745,24,16,12488.88,2025-03-16,10:25:21,Kolkata,POS,0
746,59,17,6111.32,2025-03-31,02:03:06,Delhi,POS,0
747,26,25,43814.04,2024-12-08,16:40:19,Jaipur,ATM,0
748,4,3,16333.26,2025-05-18,00:35:30,Delhi,POS,0
749,36,1,32854.67,2025-05-20,20:20:57,Hyderabad,POS,0
750,54,30,49050.5,2025-04-25,05:44:24,Lucknow,Online,0
751,19,25,28005.02,2025-01-05,01:52:32,Pune,ATM,0
752,17,20,11798.9,2025-02-19,16:43:15,Ahmedabad,ATM,0
753,56,4,12449.67,2024-12-24,10:04:17,Hyderabad,Online,0
754,24,3,10664.16,2024-12-01,19:51:03,Bangalore,POS,0
755,67,23,36711.37,2024-11-04,02:32:09,Jaipur,Online,0
756,29,30,48916.87,2024-09-01,19:39:52,Delhi,POS,0
757,52,17,8774.22,2024-11-08,23:10:19,Lucknow,Online,0
758,21,6,15206.95,2025-04-12,21:41:12,Jaipur,POS,0
759,64,27,22204.08,2025-07-09,06:54:12,Pune,Online,0
760,24,1,49700.02,2025-04-17,21:11:04,Chennai,ATM,0
761,34,14,36453.28,2025-06-21,17:29:01,Delhi,Online,0
762,48,5,26954.83,2024-11-26,14:32:39,Lucknow,POS,0
763,10,22,16129.27,2025-05-29,16:42:30,Pune,POS,0
764,51,15,7072.36,2025-04-05,22:57:13,Lucknow,ATM,0
765,73,9,43484.87,2024-10-20,11:52:08,Jaipur,POS,0
766,9,28,12164.13,2025-04-23,23:22:54,Delhi,POS,0
767,67,30,20319.69,2025-05-12,02:08:39,Delhi,Online,0
768,38,13,29642.2,2024-10-26,02:10:47,Chennai,Online,0
769,54,25,46711.02,2025-05-20,04:12:20,Jaipur,Online,0
770,15,10,37112.76,2024-10-08,02:50:04,Delhi,ATM,0
771,21,20,5351.52,2024-08-11,09:05:42,Chennai,ATM,0
772,3,4,38592.07,2024-12-22,23:58:49,Lucknow,Online,0
773,50,17,15197.38,2024-10-09,09:46:43,Jaipur,Online,0
774,44,26,20858.82,2025-05-08,03:55:19,Ahmedabad,ATM,0
775,73,11,46716.57,2024-12-07,19:20:14,Chennai,POS,0
776,71,27,43689.4,2025-07-01,21:13:31,Bangalore,ATM,0
777,53,17,33003.94,2024-09-19,15:35:25,Hyderabad,Online,0
778,41,26,2086.05,2025-01-28,21:16:38,Bangalore,POS,0
779,34,21,1442.04,2025-05-20,00:48:49,Bangalore,ATM,0
780,16,7,170.45,2025-03-16,16:24:24,Delhi,ATM,0
781,58,15,7856.5,2024-07-20,16:37:08,Lucknow,Online,0
782,77,25,998.17,2024-10-08,14:32:54,Hyderabad,ATM,0
783,13,4,2944.81,2025-03-30,08:07:44,Bangalore,ATM,0
784,29,18,27878.34,2025-01-26,06:54:44,Pune,Online,0
785,48,2,4145.2,2024-09-03,01:18:09,Bangalore,Online,0
786,11,7,40932.99,2024-08-28,12:19:32,Kolkata,Online,0
787,74,5,43164.34,2024-11-03,17:34:42,Kolkata,ATM,0
788,67,26,19552.91,2025-06-30,22:53:54,Ahmedabad,Online,0
789,45,3,47995.95,2025-02-19,23:29:25,Hyderabad,Online,0
790,39,24,125.4,2024-07-23,16:26:11,Pune,Online,0
791,31,23,40471.97,2024-09-12,01:10:13,Bangalore,ATM,0
792,70,3,6270.58,2024-10-15,00:00:58,Pune,POS,0
793,56,16,2549.23,2025-01-13,14:53:33,Lucknow,ATM,0
794,34,30,39245.81,2025-01-10,18:28:04,Delhi,POS,0
795,64,13,37142.31,2025-02-08,16:27:56,Bangalore,POS,0
796,43,25,18674.95,2024-11-29,13:45:48,Hyderabad,POS,0
797,60,3,1625.72,2025-05-19,03:22:13,Chennai,POS,0
798,18,28,18089.45,2025-01-14,21:47:52,Mumbai,POS,0
799,46,22,29063.27,2025-06-19,01:48:12,Mumbai,ATM,0
800,18,23,7540.12,2025-05-03,06:36:17,Kolkata,POS,0
801,42,29,21045.77,2025-01-20,03:10:13,Bangalore,ATM,0
802,68,30,14925.88,2025-03-06,07:37:30,Lucknow,POS,0
803,21,25,32499.67,2025-06-02,19:28:30,Kolkata,Online,0
804,59,11,26100.85,2025-01-22,21:11:52,Lucknow,ATM,0
805,61,3,9511.31,2025-02-10,20:59:24,Bangalore,POS,0
806,19,28,34709.99,2024-09-02,19:07:41,Jaipur,ATM,0
807,12,14,42099.35,2025-05-09,04:01:05,Chennai,POS,0
808,9,24,29657.07,2025-03-10,03:10:58,Bangalore,Online,0
809,33,15,17197.84,2024-08-21,04:23:32,Bangalore,POS,0
810,55,2,38936.22,2025-06-08,10:33:43,Jaipur,ATM,0
811,27,16,11699.38,2024-10-18,08:48:56,Mumbai,ATM,0
812,73,27,35134.12,2024-08-28,16:50:04,Jaipur,ATM,0
813,39,2,27485.57,2025-06-05,03:45:31,Mumbai,Online,0
814,25,12,24204.62,2025-05-29,07:26:47,Chennai,ATM,0
815,61,19,49701.85,2025-06-13,10:43:43,Bangalore,Online,0
816,69,14,33610.46,2024-07-16,11:25:01,Mumbai,ATM,0
817,72,28,27955.12,2025-05-16,00:27:31,Mumbai,POS,0
818,33,10,8409.39,2025-04-28,09:12:14,Mumbai,Online,0
819,31,27,23415.81,2024-11-05,15:48:07,Ahmedabad,Online,0
820,20,19,35386.33,2024-12-16,11:50:08,Chennai,ATM,0
821,74,10,23197.96,2024-07-21,01:26:42,Kolkata,Online,0
822,68,1,34406.26,2024-07-27,01:32:23,Jaipur,Online,0
823,13,27,46162.27,2024-09-14,20:05:45,Mumbai,ATM,0
824,8,23,29875.91,2025-06-25,00:36:55,Jaipur,ATM,0
825,33,26,45377.5,2024-11-16,21:24:58,Mumbai,Online,0
826,71,27,22172.2,2025-02-14,13:16:54,Lucknow,Online,0
827,55,26,31479.7,2025-06-18,02:15:01,Ahmedabad,ATM,0
828,73,7,15043.52,2024-07-15,23:02:00,Bangalore,ATM,0
829,32,24,44190.76,2024-09-19,12:49:16,Mumbai,Online,0
830,57,24,41636.33,2025-05-31,17:54:45,Chennai,Online,0
831,52,19,36446.27,2024-09-28,11:06:08,Jaipur,Online,0
832,38,4,13255.52,2024-12-21,16:41:22,Ahmedabad,Online,0
833,64,13,49547.1,2024-11-08,23:04:46,Hyderabad,POS,0
834,73,30,49548.26,2025-05-11,04:36:07,Mumbai,ATM,0
835,12,21,15883.15,2024-09-20,04:00:56,Kolkata,Online,0
836,75,11,26113.24,2024-12-21,16:07:22,Chennai,Online,0
837,59,17,19483.89,2025-06-22,20:02:36,Jaipur,Online,0
838,61,9,7793.62,2025-04-13,12:25:07,Lucknow,ATM,0
839,27,14,17434.85,2025-07-07,04:00:59,Lucknow,POS,0
840,6,12,48700.56,2025-07-12,07:37:55,Delhi,POS,0
841,35,22,27547.44,2025-06-21,22:18:14,Lucknow,Online,0
842,62,25,3042.67,2025-07-13,18:56:03,Pune,ATM,0
843,62,14,37103.15,2025-01-27,06:56:01,Kolkata,Online,0
844,8,27,14302.28,2025-01-29,03:18:06,Mumbai,Online,0
845,76,27,27746.53,2025-05-06,02:44:42,Hyderabad,ATM,0
846,72,5,25869.76,2025-02-07,16:38:28,Bangalore,POS,0
847,10,10,1348.69,2024-11-04,03:38:14,Mumbai,Online,0
848,32,4,46615.31,2024-09-19,11:04:28,Jaipur,Online,0
849,5,12,26129.22,2024-09-11,04:25:33,Delhi,ATM,0
850,35,27,49822.13,2025-02-11,17:52:06,Jaipur,ATM,0
851,78,25,18152.82,2024-12-07,02:50:10,Pune,ATM,0
852,22,30,40982.69,2024-07-30,02:15:44,Ahmedabad,Online,0
853,40,26,32921.32,2024-12-21,08:42:12,Lucknow,ATM,0
854,22,16,25217.64,2024-09-16,04:45:05,Pune,Online,0
855,42,22,49371.06,2024-12-30,14:58:16,Ahmedabad,ATM,0
856,4,13,31752.14,2025-01-10,12:07:20,Pune,POS,0
857,58,24,49137.5,2025-07-01,22:44:05,Kolkata,ATM,0
858,77,25,5471.28,2025-04-14,12:38:52,Chennai,ATM,0
859,58,2,29166.31,2025-04-19,00:05:36,Pune,ATM,0
860,30,19,18775.82,2025-02-10,13:48:06,Bangalore,Online,0
861,29,24,4910.71,2024-07-30,02:07:20,Ahmedabad,POS,0
862,20,22,48790.46,2025-02-20,20:39:39,Chennai,POS,0
863,12,24,26775.61,2025-03-22,14:05:07,Ahmedabad,Online,1
864,15,17,23580.38,2025-06-15,11:36:39,Chennai,Online,0
865,6,5,8234.89,2025-03-06,11:17:13,Mumbai,Online,0
866,37,21,37468.11,2025-02-03,04:27:00,Ahmedabad,POS,0
867,48,17,22683.64,2024-07-20,19:24:20,Mumbai,ATM,0
868,66,5,47664.97,2025-06-29,11:16:23,Chennai,POS,0
869,7,7,2036.34,2024-08-25,06:36:15,Pune,POS,0
870,70,14,32304.55,2024-08-07,10:35:05,Mumbai,Online,0
871,69,23,37090.56,2025-03-12,05:16:56,Bangalore,POS,0
872,68,30,27437.59,2024-10-27,00:40:57,Lucknow,Online,0
873,1,30,22868.29,2025-06-23,20:38:50,Delhi,ATM,0
874,27,6,33090.58,2024-11-23,08:48:09,Kolkata,Online,0
875,20,28,42047.86,2024-09-20,07:33:31,Delhi,Online,0
876,12,24,20324.71,2025-01-27,00:17:18,Mumbai,POS,0
877,20,18,4542.88,2025-01-10,23:46:58,Lucknow,ATM,0
878,75,7,13823.88,2025-07-13,11:09:24,Chennai,ATM,1
879,38,5,6393.92,2024-09-17,12:16:02,Chennai,Online,0
880,6,24,17308.62,2024-08-07,14:37:59,Lucknow,ATM,0
881,33,14,43000.29,2025-05-26,19:53:50,Ahmedabad,ATM,0
882,31,24,32319.97,2024-10-04,07:14:39,Jaipur,ATM,0
883,38,28,26337.15,2024-11-09,10:44:00,Jaipur,ATM,0
884,65,20,32744.58,2024-11-06,23:12:04,Mumbai,Online,0
885,41,7,15696.59,2025-02-24,03:48:36,Pune,ATM,0
886,62,8,16504.74,2024-12-15,08:25:00,Delhi,ATM,0
887,15,30,36780.66,2025-02-14,04:31:02,Jaipur,POS,0
888,60,19,17030.56,2024-08-10,06:47:52,Hyderabad,Online,0
889,40,16,41873.07,2024-12-26,20:51:12,Lucknow,ATM,0
890,15,7,46564.85,2024-11-14,00:13:18,Lucknow,Online,0
891,67,4,12268.59,2025-05-24,04:59:43,Ahmedabad,ATM,0
892,49,16,21103.31,2024-09-09,22:37:32,Chennai,Online,0
893,72,20,13792.82,2025-01-12,06:21:50,Mumbai,POS,0
894,10,29,26651.82,2024-08-01,03:54:35,Lucknow,ATM,0
895,66,17,3563.49,2025-04-15,03:07:15,Kolkata,POS,0
896,42,5,47804.94,2025-03-09,05:44:34,Delhi,ATM,0
897,73,5,36137.73,2024-08-01,15:05:34,Chennai,POS,0
898,72,19,49696.37,2024-10-16,20:55:53,Bangalore,Online,0
899,52,26,20721.17,2025-06-23,12:57:06,Pune,Online,0
900,44,1,46226.35,2025-03-04,18:14:17,Chennai,Online,0
901,5,2,6205.23,2024-11-26,04:57:08,Lucknow,ATM,0
902,21,9,42617.42,2024-11-23,04:15:31,Lucknow,POS,0
903,59,11,22540.17,2025-01-01,06:30:30,Hyderabad,ATM,0
904,75,1,4691.61,2024-12-25,07:12:35,Chennai,POS,0
905,58,28,16896.81,2025-06-30,17:43:38,Ahmedabad,ATM,0
906,6,7,37026.11,2024-08-30,07:35:57,Delhi,ATM,0
907,11,27,42475.79,2024-11-11,00:13:11,Ahmedabad,Online,0
908,67,14,34027.36,2024-10-25,00:05:24,Pune,ATM,0
909,9,10,40210.53,2025-03-06,11:33:36,Kolkata,Online,0
910,77,21,39425.48,2024-11-20,20:00:12,Ahmedabad,ATM,0
911,46,10,40351.26,2024-12-04,20:30:28,Hyderabad,POS,0
912,65,4,15010.63,2024-12-13,21:03:38,Lucknow,POS,0
913,65,21,14777.01,2024-11-24,08:10:57,Ahmedabad,Online,0
914,15,15,8284.5,2025-01-27,11:22:03,Mumbai,ATM,0
915,56,25,48660.55,2024-12-09,20:23:18,Lucknow,Online,0
916,32,7,30153.49,2025-01-17,15:51:32,Pune,Online,0
917,23,16,30508.59,2025-03-28,07:12:30,Chennai,ATM,0
918,28,9,3852.45,2024-09-05,09:13:30,Bangalore,POS,0
919,79,28,41260.31,2025-02-11,22:47:10,Chennai,ATM,1
920,4,1,47289.76,2025-05-07,02:35:56,Pune,Online,0
921,56,22,34253.57,2025-01-07,17:31:27,Delhi,Online,0
922,47,12,12243.3,2024-07-31,05:21:10,Chennai,Online,0
923,22,15,14678.42,2024-07-17,21:04:20,Bangalore,Online,0
924,4,22,15815.63,2024-09-19,23:12:18,Delhi,ATM,0
925,80,13,29863.1,2025-04-14,06:04:51,Lucknow,Online,0
926,58,28,36241.15,2024-07-23,19:29:28,Ahmedabad,POS,0
927,66,2,39160.92,2024-10-22,00:01:34,Mumbai,POS,0
928,17,15,45715.29,2025-05-18,20:29:24,Pune,POS,0
929,58,25,32456.89,2025-01-10,01:39:17,Chennai,POS,0
930,17,29,30720.57,2024-11-21,05:10:16,Jaipur,Online,0
931,73,27,42725.7,2025-03-16,11:30:26,Pune,Online,0
932,51,12,4036.09,2025-06-28,05:49:43,Ahmedabad,ATM,0
933,6,16,16350.47,2025-01-19,12:51:30,Hyderabad,ATM,0
934,25,20,8028.59,2025-01-03,02:42:58,Hyderabad,Online,0
935,25,9,45045.85,2024-10-08,18:24:26,Delhi,ATM,0
936,55,6,42471.76,2024-11-06,02:30:32,Delhi,Online,0
937,78,14,34701.93,2025-03-30,03:54:04,Bangalore,POS,0
938,37,3,5427.24,2025-05-26,21:33:36,Jaipur,POS,0
939,31,2,46366.55,2024-12-10,19:34:29,Mumbai,POS,0
940,48,30,30151.1,2024-08-02,23:15:52,Hyderabad,ATM,0
941,50,9,36356.92,2024-07-24,13:40:07,Hyderabad,ATM,0
942,69,30,23996.27,2025-01-25,22:55:40,Kolkata,POS,0
943,76,23,7797.87,2025-06-11,05:41:08,Lucknow,Online,0
944,32,26,22016.49,2025-06-25,00:14:18,Hyderabad,ATM,0
945,59,18,39788.58,2025-07-11,08:19:15,Kolkata,POS,0
946,15,6,45797.77,2025-06-14,05:40:47,Pune,POS,0
947,21,28,23774.26,2024-12-16,09:18:33,Hyderabad,POS,0
948,18,17,17254.05,2024-11-30,04:58:45,Delhi,Online,0
949,61,26,22593.15,2025-01-30,16:17:16,Hyderabad,Online,0
950,63,28,18364.57,2025-07-13,10:15:17,Jaipur,ATM,0
951,27,10,5116.72,2025-06-13,18:10:56,Hyderabad,POS,0
952,47,8,49877.14,2024-07-24,12:42:31,Hyderabad,Online,0
953,23,25,36814.86,2024-10-24,14:01:43,Pune,POS,0
954,29,5,17779.2,2024-07-19,15:55:54,Delhi,POS,0
955,31,20,3200.34,2025-02-08,14:34:30,Jaipur,ATM,1
956,74,11,18703.76,2025-07-13,12:00:39,Mumbai,Online,0
957,21,27,16766.48,2024-11-19,06:53:41,Hyderabad,ATM,0
958,38,13,27789.66,2025-02-13,18:31:43,Hyderabad,Online,0
959,42,10,15732.71,2025-03-10,19:16:15,Bangalore,Online,0
960,59,26,17953.83,2024-11-27,11:54:57,Bangalore,Online,0
961,56,12,30021.79,2025-01-19,12:11:05,Pune,ATM,0
962,61,20,22870.34,2025-05-28,04:47:09,Lucknow,POS,0
963,32,3,4281.03,2024-11-24,20:55:19,Ahmedabad,ATM,0
964,32,8,6660.25,2025-04-14,20:09:01,Delhi,POS,0
965,6,12,17040.68,2024-10-12,17:54:14,Mumbai,Online,0
966,58,21,32924.21,2025-05-29,03:19:04,Bangalore,Online,0
967,7,25,17922.14,2025-04-28,11:26:30,Lucknow,Online,0
968,37,18,47764.26,2024-12-07,02:55:25,Kolkata,ATM,0
969,75,11,21106.3,2025-05-19,06:24:19,Lucknow,Online,0
970,29,17,21156.94,2024-12-09,00:10:36,Ahmedabad,POS,0
971,69,13,3111.63,2024-07-17,02:39:09,Bangalore,Online,0
972,75,16,40114.14,2024-07-25,07:55:02,Pune,POS,0
973,79,15,12441.99,2025-01-27,02:33:27,Pune,POS,0
974,38,28,23405.78,2024-08-25,22:06:59,Pune,ATM,0
975,45,11,44968.75,2025-01-28,10:15:12,Chennai,POS,0
976,49,30,32180.99,2024-10-13,12:52:13,Chennai,ATM,0
977,24,24,40072.13,2024-07-19,08:19:14,Kolkata,POS,0
978,68,27,21994.86,2025-03-18,19:33:57,Jaipur,Online,0
979,67,18,4021.43,2025-02-01,18:01:15,Hyderabad,Online,0
980,41,25,3114.55,2024-10-17,08:37:03,Kolkata,ATM,0
981,5,11,45967.19,2025-05-25,04:32:33,Jaipur,POS,0
982,65,17,25239.88,2025-05-29,04:36:32,Kolkata,Online,0
983,49,22,13558.98,2024-10-23,09:25:03,Hyderabad,POS,0
984,45,5,34130.94,2025-04-27,21:20:39,Delhi,POS,0
985,50,4,18343.33,2024-09-18,08:16:12,Kolkata,Online,0
986,32,6,21969.66,2025-03-19,20:23:15,Bangalore,Online,0
987,1,14,19963.85,2024-11-13,22:51:29,Chennai,ATM,0
988,40,27,37924.05,2025-03-30,03:32:29,Ahmedabad,ATM,0
989,58,6,11997.42,2024-07-19,17:41:16,Lucknow,ATM,0
990,28,19,39467.2,2024-07-20,02:20:35,Delhi,POS,0
991,43,13,8104.68,2025-04-05,09:37:13,Lucknow,Online,0
992,39,5,38293.71,2024-11-08,12:49:26,Chennai,Online,0
993,72,6,42539.07,2025-02-02,10:48:26,Delhi,POS,0
994,48,10,48636.21,2025-06-11,12:03:45,Kolkata,POS,0
995,29,7,4078.37,2024-09-08,07:48:51,Delhi,POS,0
996,71,1,18121.58,2025-07-07,23:54:42,Delhi,Online,0
997,53,26,32514.32,2025-07-06,03:45:40,Jaipur,Online,1
998,19,11,18732.03,2024-12-16,12:51:18,Jaipur,Online,0
999,73,9,27746.84,2024-10-15,06:25:26,Pune,POS,0
1000,52,6,9107.52,2024-11-28,08:52:27,Mumbai,ATM,0
1001,23,16,30955.19,2025-07-13,11:51:10,Delhi,Online,0
1002,69,5,29063.5,2025-03-07,19:25:20,Chennai,ATM,0
1003,28,1,16551.76,2025-03-28,18:38:53,Pune,Online,0
1004,47,14,49329.93,2025-06-20,22:53:00,Chennai,Online,0
1005,68,16,11133.3,2025-04-02,02:22:42,Hyderabad,ATM,0
1006,38,6,39091.8,2025-06-27,09:23:52,Ahmedabad,POS,0
1007,71,2,17386.2,2024-07-14,09:57:26,Hyderabad,Online,0
1008,2,7,44198.18,2025-04-02,19:20:57,Mumbai,Online,0
1009,41,13,24663.07,2025-05-30,17:27:10,Pune,ATM,0
1010,14,18,565.66,2024-08-23,04:31:35,Bangalore,POS,0
1011,43,12,12930.7,2025-07-05,09:13:23,Pune,POS,0
1012,15,8,6266.17,2024-12-02,21:38:13,Ahmedabad,Online,0
1013,55,15,23304.63,2024-10-12,18:55:28,Jaipur,ATM,0
1014,24,6,20576.2,2024-12-24,23:04:15,Ahmedabad,Online,0
1015,32,11,26239.73,2025-03-30,03:13:38,Mumbai,ATM,0
1016,72,28,47355.45,2025-02-03,06:23:16,Delhi,ATM,0
1017,17,2,35748.15,2024-10-21,17:29:02,Chennai,ATM,0
1018,45,18,1977.15,2025-06-26,14:10:50,Hyderabad,ATM,0
1019,32,16,27968.26,2025-07-01,03:44:29,Kolkata,ATM,0
1020,12,26,21976.85,2024-12-19,02:29:16,Pune,POS,1
1021,45,29,22655.69,2025-03-18,17:29:15,Kolkata,ATM,0
1022,42,12,9636.22,2024-10-29,15:40:57,Pune,Online,0
1023,43,5,38053.33,2025-03-16,09:18:36,Hyderabad,POS,0
1024,18,22,35077.09,2025-05-16,16:56:33,Chennai,ATM,0
1025,16,16,37237.53,2024-10-07,12:12:43,Mumbai,Online,0
1026,22,23,5036.05,2024-12-20,17:35:24,Hyderabad,Online,0
1027,28,12,12037.83,2025-02-20,19:01:05,Pune,POS,0
1028,66,13,44659.64,2024-11-26,20:11:34,Chennai,POS,0
1029,17,16,18327.38,2024-09-26,04:55:36,Mumbai,ATM,0
1030,35,2,5133.23,2025-01-08,13:12:23,Ahmedabad,POS,0
1031,61,22,1367.98,2025-03-09,00:59:47,Ahmedabad,POS,0
1032,78,5,24267.84,2024-12-21,13:13:49,Mumbai,Online,0
1033,53,14,49147.81,2024-11-06,03:57:51,Mumbai,POS,0
1034,50,25,9007.43,2024-08-09,20:44:34,Ahmedabad,ATM,0
1035,7,10,15281.98,2024-12-11,13:31:56,Hyderabad,ATM,0
1036,66,4,33742.42,2024-10-30,03:32:02,Hyderabad,ATM,0
1037,57,26,9886.46,2025-04-18,23:43:21,Bangalore,ATM,0
1038,15,25,26750.49,2025-03-23,18:38:11,Ahmedabad,POS,1
1039,77,28,25406.66,2024-11-29,11:01:59,Pune,Online,0
1040,26,21,29630.91,2025-05-04,17:18:31,Kolkata,ATM,0
1041,54,11,7010.14,2024-10-17,11:04:21,Mumbai,POS,0
1042,44,15,41982.72,2025-03-21,09:58:50,Pune,Online,0
1043,35,29,39524.59,2024-08-18,17:03:32,Chennai,POS,1
1044,76,22,12704.42,2025-01-19,09:43:12,Pune,ATM,0
1045,45,19,4039.7,2024-09-10,19:38:21,Kolkata,Online,0
1046,63,15,14176.28,2025-07-03,04:23:02,Chennai,ATM,0
1047,71,21,17368.04,2024-07-13,10:53:58,Mumbai,POS,0
1048,10,18,46274.4,2025-03-15,08:08:19,Kolkata,Online,0
1049,52,10,3563.23,2025-03-29,19:07:39,Bangalore,POS,0
1050,58,17,49030.19,2024-12-15,11:40:50,Delhi,ATM,0
1051,8,17,23430.28,2024-09-24,12:46:26,Mumbai,Online,0
1052,10,12,18328.52,2024-07-28,05:27:08,Bangalore,Online,0
1053,66,27,3849.44,2025-02-25,14:22:58,Chennai,ATM,0
1054,62,21,19250.09,2024-07-28,22:22:27,Mumbai,POS,0
1055,39,17,719.67,2025-06-01,01:49:28,Mumbai,POS,0
1056,64,29,36944.67,2025-05-21,23:55:17,Ahmedabad,POS,0
1057,60,5,3301.28,2025-06-26,03:58:04,Bangalore,Online,0
1058,69,8,9988.5,2025-03-10,01:31:32,Chennai,Online,0
1059,77,16,25319.97,2025-05-21,11:20:42,Pune,ATM,0
1060,22,17,25598.32,2024-08-04,08:39:33,Pune,ATM,0
1061,37,18,40746.65,2024-11-03,16:58:09,Bangalore,POS,0
1062,8,29,19735.95,2025-01-26,23:35:26,Kolkata,ATM,0
1063,44,4,8782.63,2025-05-17,02:48:03,Bangalore,Online,0
1064,29,21,48794.09,2025-01-30,03:27:40,Kolkata,Online,0
1065,54,8,36823.7,2024-08-09,10:21:06,Pune,POS,0
1066,22,12,47904.31,2024-11-21,18:51:34,Bangalore,ATM,0
1067,16,2,16404.42,2025-05-07,23:09:47,Kolkata,Online,0
1068,5,29,34811.94,2025-04-30,10:23:16,Bangalore,POS,0
1069,10,10,33919.99,2025-02-27,13:04:35,Pune,POS,0
1070,42,3,11397.3,2025-06-02,06:14:53,Pune,ATM,0
1071,18,1,29846.81,2025-04-10,13:11:00,Hyderabad,Online,0
1072,18,19,38909.72,2025-03-16,22:25:05,Chennai,POS,0
1073,48,20,9003.83,2025-01-06,20:31:12,Pune,Online,0
1074,54,4,36263.82,2024-10-03,08:53:26,Delhi,Online,0
1075,47,8,41195.88,2025-02-26,07:09:08,Mumbai,Online,0
1076,58,6,43627.23,2024-12-14,03:01:36,Mumbai,ATM,0
1077,27,4,16695.12,2025-03-17,14:40:53,Bangalore,ATM,0
1078,33,17,35565.97,2025-03-16,03:54:01,Delhi,Online,0
1079,77,19,10719.87,2025-03-02,08:23:20,Jaipur,Online,0
1080,1,8,542.91,2025-04-16,11:09:27,Ahmedabad,POS,0
1081,44,24,4913.99,2025-03-05,21:35:34,Ahmedabad,POS,0
1082,4,11,12885.38,2025-01-09,18:09:40,Kolkata,Online,0
1083,37,2,11649.47,2024-12-15,10:07:43,Kolkata,POS,0
1084,50,2,24447.9,2025-01-01,22:48:31,Chennai,ATM,0
1085,27,8,2501.13,2025-04-09,16:18:43,Chennai,ATM,0
1086,59,9,46967.59,2024-12-03,00:14:43,Ahmedabad,POS,0
1087,42,14,39225.62,2024-08-10,12:32:31,Ahmedabad,POS,0
1088,7,15,45961.48,2024-09-15,00:54:42,Mumbai,ATM,0
1089,43,6,10393.7,2024-08-24,23:05:56,Kolkata,Online,0
1090,68,14,16845.05,2024-09-08,11:05:29,Pune,Online,0
1091,41,25,21782.5,2025-03-21,05:06:15,Mumbai,Online,0
1092,8,15,20340.86,2024-08-19,01:43:05,Kolkata,ATM,0
1093,63,25,21963.91,2025-03-30,10:43:19,Mumbai,POS,0
1094,8,6,44704.64,2024-12-11,13:51:44,Pune,ATM,0
1095,20,27,45373.19,2024-09-03,14:43:55,Ahmedabad,ATM,0
1096,58,5,30986.63,2025-03-25,12:30:26,Kolkata,ATM,0
1097,50,24,23642.51,2025-03-11,11:29:50,Bangalore,ATM,0
1098,49,30,6508.5,2024-08-22,07:48:44,Hyderabad,POS,0
1099,80,11,49432.95,2024-09-06,16:22:05,Mumbai,ATM,0
1100,43,30,41732.53,2024-08-17,13:10:45,Pune,Online,0
1101,68,27,45827.2,2025-03-28,07:47:46,Jaipur,POS,0
1102,65,24,3775.97,2024-10-06,05:15:07,Lucknow,ATM,0
1103,69,21,191.13,2024-10-24,04:34:36,Delhi,POS,0
1104,75,10,47893.71,2025-02-18,06:18:16,Chennai,ATM,0
1105,57,5,15405.04,2024-12-09,05:17:21,Chennai,POS,0
1106,66,8,13459.95,2025-01-14,23:18:18,Bangalore,Online,0
1107,28,12,49183.03,2024-07-22,16:45:19,Delhi,Online,0
1108,7,2,19330.29,2025-06-29,23:54:03,Mumbai,Online,0
1109,45,1,30465.81,2025-07-05,04:22:47,Delhi,POS,0
1110,9,22,3406.03,2024-10-13,11:23:32,Jaipur,POS,0
1111,78,5,8644.6,2025-03-11,09:26:14,Mumbai,ATM,0
1112,40,28,5480.97,2025-07-05,16:59:21,Kolkata,ATM,1
1113,1,7,38644.67,2024-08-31,02:13:34,Lucknow,ATM,0
1114,61,6,6272.89,2025-05-01,11:05:53,Ahmedabad,ATM,0
1115,22,16,40056.07,2025-04-19,07:47:21,Chennai,ATM,0
1116,76,8,36647.24,2024-11-09,16:25:09,Mumbai,Online,0
1117,1,24,8580.98,2024-11-19,05:32:26,Hyderabad,ATM,0
1118,29,18,22364.98,2025-04-27,13:59:28,Hyderabad,ATM,0
1119,40,30,46079.81,2025-02-18,08:08:49,Ahmedabad,Online,0
1120,75,9,9682.71,2024-08-09,14:03:04,Jaipur,ATM,0
1121,39,30,41876.04,2025-01-26,15:22:51,Pune,ATM,0
1122,58,11,22111.14,2024-11-05,23:32:55,Jaipur,POS,0
1123,10,10,31444.15,2025-06-04,19:28:06,Bangalore,Online,0
1124,34,25,22867.7,2025-03-27,19:30:09,Jaipur,POS,0
1125,56,28,37915.59,2025-06-08,11:45:53,Hyderabad,POS,0
1126,7,18,10880.8,2024-10-09,06:19:57,Mumbai,Online,0
1127,64,9,4107.27,2025-02-13,08:40:34,Ahmedabad,Online,0
1128,78,17,45785.43,2024-10-17,10:44:10,Ahmedabad,POS,0
1129,70,21,36269.92,2025-02-28,20:32:39,Mumbai,Online,0
1130,53,11,12667.84,2024-12-15,04:23:14,Delhi,Online,0
1131,69,14,43342.77,2024-08-24,06:59:47,Ahmedabad,ATM,0
1132,47,8,49588.96,2024-12-11,03:00:27,Jaipur,POS,0
1133,28,25,14071.04,2025-04-02,20:33:57,Jaipur,ATM,0
1134,80,1,11342.81,2024-11-09,02:37:58,Mumbai,ATM,0
1135,49,12,4080.38,2025-05-24,02:38:42,Chennai,POS,0
1136,66,4,17625.16,2024-07-21,05:24:22,Hyderabad,ATM,0
1137,6,14,47325.96,2024-09-03,06:20:45,Ahmedabad,Online,0
1138,21,3,45404.87,2025-03-12,11:01:58,Chennai,ATM,0
1139,32,4,3038.46,2025-03-11,12:53:54,Mumbai,Online,0
1140,11,19,1738.58,2024-12-15,20:05:04,Kolkata,POS,0
1141,37,5,15698.02,2024-11-06,13:19:31,Jaipur,POS,0
1142,39,26,21804.55,2025-03-16,17:17:21,Lucknow,POS,0
1143,40,30,48940.5,2025-04-03,16:47:51,Mumbai,POS,0
1144,45,1,3388.2,2025-02-03,16:49:07,Pune,POS,0
1145,34,8,8395.08,2025-03-15,09:04:17,Delhi,POS,0
1146,53,16,9730.18,2025-03-01,05:57:28,Ahmedabad,POS,0
1147,13,5,382.12,2024-08-21,10:19:36,Hyderabad,POS,0
1148,24,3,8632.28,2025-05-21,09:11:54,Bangalore,Online,0
1149,8,23,47874.04,2024-08-23,02:39:16,Pune,ATM,0
1150,51,13,923.34,2024-12-03,23:56:12,Mumbai,POS,0
1151,78,20,8162.05,2025-05-20,11:59:49,Jaipur,ATM,0
1152,62,5,37790.5,2024-08-19,07:41:37,Hyderabad,Online,0
1153,67,9,37978.92,2025-04-19,22:55:27,Ahmedabad,POS,0
1154,80,30,48496.93,2024-11-08,19:07:46,Lucknow,Online,0
1155,54,9,25723.94,2025-06-18,04:23:20,Ahmedabad,POS,0
1156,46,13,18354.32,2025-03-12,00:29:11,Chennai,ATM,0
1157,9,25,42028.84,2025-01-03,01:35:34,Hyderabad,POS,0
1158,66,3,29149.14,2025-05-14,00:31:47,Lucknow,POS,0
1159,77,9,2918.12,2025-01-04,01:09:44,Delhi,Online,0
1160,55,6,3875.83,2024-10-20,10:03:14,Hyderabad,Online,0
1161,2,2,48379.03,2025-07-06,21:53:51,Bangalore,ATM,0
1162,34,5,38889.46,2024-12-29,07:12:47,Hyderabad,Online,0
1163,66,11,17022.52,2024-11-06,14:17:49,Pune,Online,0
1164,10,17,22041.08,2024-08-19,05:59:06,Mumbai,ATM,0
1165,36,2,20873.23,2024-10-17,06:06:49,Kolkata,ATM,0
1166,41,2,839.08,2024-10-19,15:58:38,Chennai,ATM,0
1167,55,29,46174.81,2025-05-07,07:49:27,Hyderabad,Online,0
1168,80,19,43742.2,2024-12-31,10:30:35,Kolkata,POS,0
1169,1,21,27689.42,2025-06-05,23:35:01,Lucknow,ATM,0
1170,51,27,44384.6,2024-09-30,22:18:25,Mumbai,POS,0
1171,34,11,47038.88,2024-08-03,20:01:11,Bangalore,ATM,0
1172,47,6,23333.29,2025-06-19,22:28:06,Bangalore,Online,0
1173,52,29,37283.71,2024-09-21,09:44:19,Mumbai,Online,0
1174,42,28,25509.9,2025-05-27,11:46:01,Ahmedabad,ATM,0
1175,25,28,19085.99,2024-11-20,14:55:51,Delhi,POS,1
1176,11,15,44560.8,2025-03-28,04:52:30,Hyderabad,Online,0
1177,12,24,18919.18,2025-04-28,14:56:00,Jaipur,POS,0
1178,42,20,8200.16,2025-06-18,10:44:34,Chennai,Online,0
1179,5,17,36167.46,2024-12-12,00:17:33,Kolkata,Online,0
1180,11,25,10398.81,2024-09-15,11:54:38,Kolkata,Online,0
1181,79,4,5660.49,2025-02-16,12:50:23,Jaipur,ATM,0
1182,59,22,15313.85,2024-12-30,00:48:06,Lucknow,ATM,0
1183,41,27,21153.31,2025-06-10,01:03:53,Hyderabad,ATM,0
1184,7,13,43026.67,2025-02-24,08:26:45,Mumbai,ATM,0
1185,5,4,37889.01,2024-08-03,23:59:24,Kolkata,ATM,0
1186,25,24,10003.28,2025-03-16,19:56:34,Pune,Online,0
1187,74,26,19323.14,2025-05-06,22:14:00,Lucknow,POS,0
1188,27,7,34423.11,2024-11-05,19:08:17,Pune,Online,0
1189,61,11,5917.23,2024-07-23,17:37:02,Pune,ATM,0
1190,7,18,48280.36,2024-12-01,23:04:12,Bangalore,POS,0
1191,78,5,20283.89,2024-12-16,22:43:24,Pune,ATM,0
1192,19,5,30859.39,2024-07-24,02:57:32,Jaipur,ATM,0
1193,77,7,28110.74,2024-10-28,01:49:05,Pune,POS,0
1194,47,2,14759.15,2025-07-01,03:20:48,Mumbai,ATM,0
1195,51,30,32601.6,2024-07-19,22:47:40,Ahmedabad,ATM,0
1196,52,9,17691.37,2024-10-15,02:22:13,Chennai,Online,0
1197,68,3,47914.81,2024-10-16,06:00:08,Kolkata,ATM,0
1198,56,20,11093.97,2025-06-04,21:27:06,Bangalore,POS,0
1199,14,30,1038.89,2024-07-18,16:23:55,Pune,POS,0
1200,64,5,39724.92,2024-12-17,02:34:36,Kolkata,Online,0
1201,25,29,3472.35,2024-08-22,19:12:00,Bangalore,Online,0
1202,40,14,41298.64,2025-01-27,04:01:39,Jaipur,Online,0
1203,59,26,49494.21,2024-09-05,04:04:33,Lucknow,POS,1
1204,41,5,9724.36,2025-06-13,10:06:01,Pune,ATM,0
1205,57,27,14576.6,2025-02-05,23:58:21,Pune,POS,0
1206,73,11,1624.62,2025-04-09,08:59:09,Chennai,Online,0
1207,62,17,5945.22,2025-01-18,22:31:52,Chennai,POS,0
1208,61,13,12417.27,2024-11-14,11:32:06,Jaipur,POS,0
1209,58,12,21279.5,2024-11-28,20:28:57,Bangalore,ATM,0
1210,10,27,32733.59,2025-03-12,06:56:05,Bangalore,Online,0
1211,17,12,36216.44,2024-12-11,09:20:16,Hyderabad,POS,0
1212,35,19,28066.92,2025-05-10,23:04:49,Pune,Online,0
1213,63,29,39316.0,2024-07-14,15:29:59,Mumbai,Online,0
1214,25,15,25415.1,2024-09-29,16:21:28,Chennai,Online,0
1215,43,19,38580.5,2024-10-04,00:20:14,Kolkata,POS,0
1216,54,6,2960.74,2024-07-30,17:44:37,Mumbai,Online,0
1217,7,6,42581.07,2025-05-31,13:37:56,Pune,ATM,0
1218,48,3,17022.75,2024-10-18,02:27:46,Bangalore,Online,0
1219,80,7,19276.2,2024-11-27,12:38:28,Lucknow,Online,0
1220,47,19,27838.32,2025-02-02,22:33:06,Lucknow,POS,0
1221,14,15,14663.56,2024-08-30,19:23:09,Delhi,ATM,0
1222,26,7,33396.59,2025-05-02,23:37:39,Bangalore,POS,0
1223,21,3,22487.34,2025-04-23,17:09:23,Bangalore,ATM,0
1224,80,12,11591.62,2024-09-11,15:23:39,Hyderabad,ATM,0
1225,39,12,27381.85,2025-06-07,12:32:15,Jaipur,POS,0
1226,67,13,13503.55,2025-02-18,10:04:10,Pune,ATM,0
1227,2,20,28887.07,2024-08-08,04:19:31,Kolkata,ATM,0
1228,41,17,26928.16,2025-06-01,05:15:22,Lucknow,POS,0
1229,10,24,30903.74,2025-02-27,11:59:50,Kolkata,ATM,0
1230,30,24,18782.77,2024-09-30,04:34:33,Pune,ATM,0
1231,56,5,18415.28,2025-04-24,07:23:58,Delhi,Online,0
1232,3,17,41088.86,2024-12-02,13:19:34,Ahmedabad,POS,0
1233,30,19,37008.54,2025-04-06,23:09:44,Kolkata,ATM,0
1234,12,26,21341.17,2024-10-22,22:30:41,Lucknow,POS,0
1235,72,12,17980.32,2024-09-04,06:35:04,Kolkata,Online,0
1236,6,28,39935.35,2025-06-05,02:28:00,Ahmedabad,Online,0
1237,49,13,19137.46,2025-07-01,21:42:34,Hyderabad,POS,0
1238,77,21,31665.03,2025-06-03,11:07:53,Bangalore,Online,0
1239,16,11,28806.0,2024-11-25,16:33:40,Kolkata,POS,0
1240,24,4,8632.11,2024-12-14,13:02:21,Pune,ATM,0
1241,22,21,35882.46,2025-04-30,07:18:32,Kolkata,POS,0
1242,68,18,18039.36,2024-08-09,10:07:56,Lucknow,Online,0
1243,76,14,48195.68,2024-09-28,19:55:20,Delhi,POS,0
1244,43,15,32599.91,2024-08-16,19:35:52,Mumbai,POS,0
1245,76,9,35168.11,2024-08-25,10:01:21,Lucknow,Online,0
1246,25,2,44105.22,2025-05-03,21:33:45,Mumbai,ATM,0
1247,66,12,37452.28,2025-04-12,11:11:56,Mumbai,Online,0
1248,70,28,49991.89,2025-05-23,02:57:20,Delhi,Online,0
1249,53,12,6829.5,2025-01-15,07:10:47,Ahmedabad,Online,0
1250,39,26,45999.15,2025-06-23,06:22:38,Pune,Online,0
1251,30,16,24135.71,2024-09-27,16:35:01,Kolkata,ATM,0
1252,43,7,8990.13,2025-01-26,00:22:24,Bangalore,POS,0
1253,31,29,30680.81,2025-03-29,07:39:57,Jaipur,Online,0
1254,16,20,15632.67,2024-10-29,16:49:47,Mumbai,POS,0
1255,44,10,9131.12,2025-07-01,15:04:57,Bangalore,POS,0
1256,29,27,45673.41,2024-08-06,19:50:26,Jaipur,ATM,0
1257,21,21,44016.57,2025-06-01,04:44:58,Mumbai,ATM,0
1258,21,3,2325.49,2024-11-21,05:08:25,Bangalore,POS,0
1259,23,18,32126.88,2024-08-16,16:14:09,Mumbai,Online,0
1260,65,9,6762.8,2025-01-09,08:26:07,Ahmedabad,Online,0
1261,29,14,12148.2,2025-03-14,02:08:15,Jaipur,POS,0
1262,52,11,20543.91,2025-04-24,20:56:25,Hyderabad,ATM,0
1263,38,9,21054.08,2024-11-26,10:41:27,Chennai,Online,0
1264,73,25,10956.53,2024-08-28,10:11:58,Mumbai,POS,0
1265,27,21,36748.65,2025-05-10,15:17:22,Kolkata,ATM,0
1266,5,20,12508.6,2024-10-30,23:44:14,Lucknow,POS,0
1267,2,25,3088.96,2025-07-03,01:14:43,Delhi,POS,0
1268,46,19,32454.86,2024-08-25,09:48:32,Kolkata,ATM,0
1269,43,10,12437.6,2024-08-23,18:36:26,Jaipur,POS,0
1270,9,22,6819.76,2025-02-08,06:49:19,Chennai,Online,1
1271,11,6,9484.57,2025-03-13,12:30:51,Lucknow,Online,0
1272,17,6,36606.67,2025-06-02,19:10:18,Delhi,Online,0
1273,17,9,37551.56,2025-05-23,13:40:55,Hyderabad,ATM,0
1274,53,23,43532.23,2025-02-02,14:08:36,Jaipur,ATM,0
1275,74,26,13934.25,2024-09-02,15:51:07,Kolkata,POS,0
1276,61,17,14843.49,2024-11-09,22:03:01,Kolkata,ATM,0
1277,16,12,30541.09,2025-02-11,16:26:25,Delhi,POS,0
1278,49,1,47389.52,2025-04-13,10:37:09,Hyderabad,POS,0
1279,3,18,36678.44,2024-11-28,03:14:48,Delhi,POS,0
1280,44,2,36876.6,2024-07-28,21:29:37,Delhi,Online,0
1281,3,5,42988.76,2025-07-10,18:30:02,Pune,Online,0
1282,42,19,30717.53,2025-06-20,04:27:18,Jaipur,Online,0
1283,35,14,43681.36,2025-01-20,05:39:25,Chennai,Online,1
1284,74,3,17149.5,2025-01-30,22:46:04,Kolkata,ATM,0
1285,59,1,49273.08,2025-01-02,14:42:58,Chennai,POS,0
1286,65,11,29660.56,2024-11-20,14:34:03,Chennai,ATM,0
1287,15,14,24597.54,2025-05-09,11:48:56,Hyderabad,ATM,0
1288,1,4,43429.74,2025-02-28,13:22:54,Chennai,Online,0
1289,76,10,31765.91,2025-03-25,20:31:59,Hyderabad,Online,0
1290,47,24,8093.15,2024-11-21,00:46:33,Delhi,Online,0
1291,28,16,18273.56,2025-06-02,10:26:07,Delhi,POS,0
1292,68,14,43339.45,2025-05-10,18:44:58,Lucknow,Online,0
1293,78,17,29774.83,2025-04-08,06:58:43,Kolkata,ATM,0
1294,12,3,2907.66,2024-12-23,12:35:38,Lucknow,POS,0
1295,34,7,22050.6,2024-11-29,10:56:59,Bangalore,POS,0
1296,64,11,21153.16,2024-10-20,20:38:52,Pune,Online,0
1297,57,26,19370.35,2024-11-24,13:27:27,Ahmedabad,Online,0
1298,16,8,7010.94,2025-01-14,10:32:24,Chennai,Online,0
1299,31,12,19331.31,2024-11-26,21:29:04,Hyderabad,Online,0
1300,62,16,38642.05,2024-12-05,07:22:09,Delhi,Online,0
1301,23,17,40529.06,2024-11-02,07:40:41,Ahmedabad,Online,0
1302,12,5,38803.26,2025-01-30,11:00:01,Hyderabad,ATM,0
1303,20,24,24525.65,2025-02-08,01:26:23,Chennai,ATM,0
1304,53,30,31932.05,2024-12-03,15:18:11,Delhi,POS,0
1305,64,6,38492.01,2025-07-07,20:40:44,Mumbai,POS,0
1306,27,22,30038.94,2025-01-25,12:35:27,Mumbai,POS,0
1307,65,8,14282.76,2025-02-15,17:15:00,Bangalore,Online,0
1308,48,30,29260.41,2025-07-12,17:36:01,Jaipur,POS,0
1309,77,14,5587.86,2025-05-17,12:54:39,Jaipur,POS,0
1310,66,3,24726.45,2025-05-17,06:04:32,Kolkata,Online,0
1311,61,8,28007.47,2025-07-11,18:23:18,Jaipur,POS,0
1312,42,16,24703.66,2025-05-16,17:15:36,Mumbai,ATM,0
1313,37,22,48016.13,2024-12-22,14:24:53,Chennai,ATM,0
1314,51,17,5124.25,2024-11-26,04:17:27,Jaipur,POS,0
1315,57,15,40112.06,2025-04-27,09:54:38,Jaipur,ATM,0
1316,41,14,39110.37,2025-06-21,03:47:07,Chennai,POS,0
1317,40,25,16869.15,2024-10-31,21:35:24,Hyderabad,POS,0
1318,46,30,26767.29,2025-02-13,18:13:06,Hyderabad,ATM,0
1319,75,8,49800.07,2024-11-16,22:07:25,Ahmedabad,Online,0
1320,39,18,45927.5,2025-03-16,02:00:22,Chennai,Online,1
1321,67,6,24408.31,2025-06-04,14:15:23,Jaipur,POS,0
1322,33,9,38158.69,2024-07-13,20:38:29,Delhi,POS,0
1323,70,12,13414.59,2025-06-10,15:40:17,Ahmedabad,ATM,0
1324,53,21,49785.04,2024-10-13,15:02:24,Chennai,Online,0
1325,4,28,44077.67,2025-01-27,09:22:31,Lucknow,POS,0
1326,47,11,29246.96,2025-06-07,15:38:32,Mumbai,ATM,0
1327,44,3,36483.73,2024-12-29,07:28:41,Bangalore,Online,0
1328,21,18,44272.08,2024-08-03,20:20:06,Lucknow,ATM,0
1329,14,6,27389.54,2025-04-28,11:36:47,Delhi,POS,0
1330,31,24,27079.38,2025-06-27,15:42:05,Kolkata,Online,0
1331,70,10,27597.64,2025-01-06,23:07:53,Hyderabad,POS,0
1332,26,21,2780.59,2024-12-05,07:07:13,Pune,Online,0
1333,80,18,21466.2,2025-07-01,04:15:35,Ahmedabad,POS,0
1334,56,27,40380.26,2025-02-17,00:00:03,Jaipur,POS,0
1335,15,21,28973.0,2025-01-09,09:09:45,Pune,POS,0
1336,63,3,16122.78,2024-09-11,20:41:13,Ahmedabad,POS,0
1337,10,15,18578.22,2024-08-13,21:17:14,Ahmedabad,Online,0
1338,44,15,33211.2,2025-02-04,03:41:55,Chennai,Online,0
1339,42,17,41460.18,2024-10-30,15:06:17,Bangalore,ATM,0
1340,49,8,41388.24,2025-05-28,23:06:53,Jaipur,ATM,0
1341,67,6,40620.75,2025-04-15,01:15:14,Bangalore,POS,0
1342,62,1,24846.89,2024-07-27,22:22:04,Lucknow,ATM,0
1343,78,5,45263.1,2025-04-18,18:47:50,Mumbai,ATM,0
1344,14,14,2827.78,2024-12-10,14:55:43,Lucknow,ATM,0
1345,11,4,43457.63,2024-09-24,21:57:47,Delhi,Online,0
1346,23,20,49350.04,2025-01-05,22:35:40,Ahmedabad,ATM,0
1347,7,7,40330.23,2025-06-17,22:13:31,Hyderabad,ATM,0
1348,15,20,1301.96,2025-01-13,05:18:05,Ahmedabad,POS,0
1349,36,15,25869.81,2024-09-18,02:22:58,Bangalore,ATM,0
1350,62,11,35636.63,2024-09-03,03:41:39,Jaipur,ATM,1
1351,29,26,7986.35,2025-04-09,03:55:11,Hyderabad,POS,0
1352,33,19,23132.56,2025-01-05,14:25:02,Jaipur,Online,0
1353,33,11,34767.59,2025-01-03,14:51:23,Jaipur,POS,0
1354,33,15,5233.91,2024-10-12,03:09:25,Pune,POS,0
1355,32,27,24369.97,2025-04-30,12:26:19,Chennai,ATM,0
1356,39,17,47623.56,2025-05-30,01:49:07,Mumbai,Online,0
1357,70,6,26878.07,2025-05-16,00:07:39,Hyderabad,Online,0
1358,41,16,19103.99,2025-02-02,14:44:06,Pune,Online,0
1359,17,30,4742.81,2024-11-20,16:47:55,Jaipur,POS,0
1360,29,16,7096.84,2024-12-20,22:08:16,Pune,ATM,0
1361,26,26,10717.34,2025-04-11,12:21:28,Kolkata,Online,0
1362,60,25,43324.74,2024-11-06,23:17:52,Kolkata,POS,0
1363,37,13,33935.99,2024-12-09,02:30:05,Bangalore,Online,0
1364,21,3,44648.18,2025-05-27,02:34:36,Delhi,POS,0
1365,57,9,3008.92,2024-08-05,20:31:01,Hyderabad,ATM,0
1366,42,28,31847.98,2024-11-06,00:39:21,Delhi,ATM,0
1367,48,10,19070.45,2024-07-28,01:33:58,Hyderabad,ATM,0
1368,27,18,44355.29,2025-07-08,08:23:43,Mumbai,POS,0
1369,18,9,1810.45,2025-05-14,04:25:24,Lucknow,ATM,0
1370,36,8,14065.69,2024-10-23,04:03:49,Hyderabad,ATM,0
1371,29,20,1304.0,2025-04-24,13:21:57,Ahmedabad,ATM,0
1372,28,12,18006.82,2024-07-19,11:29:50,Jaipur,Online,0
1373,22,30,16472.26,2024-08-29,12:27:52,Jaipur,Online,0
1374,41,24,35023.46,2025-01-04,15:44:33,Jaipur,POS,0
1375,77,18,37934.38,2024-07-28,04:44:01,Chennai,Online,0
1376,45,30,12022.85,2024-10-05,14:55:44,Jaipur,Online,0
1377,2,6,36006.6,2025-04-08,15:36:17,Hyderabad,POS,0
1378,23,5,47161.34,2024-09-04,15:45:47,Bangalore,Online,0
1379,52,25,2833.04,2025-04-26,03:38:28,Bangalore,POS,0
1380,57,14,13296.35,2024-10-03,12:22:13,Delhi,Online,0
1381,72,4,14001.24,2024-08-03,05:12:01,Chennai,POS,0
1382,30,19,41258.73,2025-03-13,06:18:35,Delhi,Online,0
1383,65,29,44410.13,2025-06-05,08:59:10,Mumbai,Online,0
1384,42,26,2384.71,2025-02-26,07:47:04,Kolkata,POS,0
1385,31,11,22347.68,2025-01-28,17:33:45,Delhi,ATM,0
1386,49,14,18817.37,2025-06-10,21:27:40,Kolkata,POS,0
1387,27,24,10455.92,2025-01-04,20:47:33,Pune,POS,0
1388,24,26,30748.09,2025-04-27,04:19:21,Ahmedabad,POS,0
1389,55,2,26676.59,2025-06-29,02:18:26,Jaipur,POS,0
1390,67,18,8261.98,2024-08-02,07:13:44,Delhi,POS,0
1391,53,10,45252.28,2025-07-09,10:33:55,Hyderabad,ATM,0
1392,72,21,24628.38,2025-07-01,13:45:03,Delhi,Online,0
1393,45,24,7398.56,2024-09-02,19:23:19,Bangalore,Online,0
1394,52,24,7059.02,2024-08-28,09:45:26,Mumbai,ATM,0
1395,25,24,28733.94,2024-11-19,16:05:31,Kolkata,POS,0
1396,40,15,2772.65,2025-04-29,22:38:48,Mumbai,Online,0
1397,1,23,48484.77,2024-10-17,18:44:04,Bangalore,Online,0
1398,62,11,4099.64,2024-08-13,22:10:19,Pune,POS,0
1399,65,27,6542.96,2025-01-22,13:06:14,Delhi,ATM,0
1400,28,9,41195.19,2024-09-30,14:42:33,Pune,ATM,0
1401,56,2,27426.62,2024-10-02,14:36:23,Pune,ATM,0
1402,22,6,30195.21,2025-02-01,18:36:35,Ahmedabad,ATM,0
1403,22,3,9840.6,2024-08-30,00:55:42,Hyderabad,Online,0
1404,51,29,9604.35,2025-03-21,03:45:44,Bangalore,ATM,0
1405,70,4,893.06,2024-08-19,08:51:24,Pune,Online,0
1406,35,1,32642.82,2024-12-26,18:23:29,Chennai,ATM,0
1407,48,15,10367.59,2024-08-06,16:32:36,Ahmedabad,POS,0
1408,73,10,48951.0,2025-07-11,22:08:40,Lucknow,POS,0
1409,32,18,30946.86,2024-11-04,06:46:58,Chennai,ATM,0
1410,49,14,11309.3,2024-08-03,12:15:46,Hyderabad,Online,0
1411,31,24,31032.91,2025-06-05,19:39:27,Delhi,Online,0
1412,56,28,3836.66,2024-12-17,19:28:47,Hyderabad,ATM,0
1413,2,30,21182.12,2025-03-05,17:25:17,Jaipur,ATM,0
1414,42,23,17889.87,2025-01-12,14:56:47,Bangalore,Online,0
1415,46,11,17092.69,2024-09-17,08:42:55,Lucknow,POS,0
1416,9,26,31309.03,2025-06-21,04:18:58,Jaipur,Online,0
1417,9,5,5763.84,2024-10-16,02:31:14,Bangalore,Online,0
1418,6,24,1428.19,2025-04-25,15:36:07,Hyderabad,POS,0
1419,19,5,42482.98,2025-03-08,22:51:42,Hyderabad,POS,0
1420,20,9,43466.33,2024-08-12,03:12:33,Hyderabad,POS,0
1421,40,14,33687.18,2025-01-12,02:00:02,Bangalore,Online,0
1422,3,13,19148.66,2025-05-11,22:12:41,Kolkata,ATM,0
1423,47,3,44307.54,2025-04-29,15:18:49,Kolkata,Online,0
1424,58,30,40302.48,2025-01-03,20:24:13,Chennai,POS,0
1425,67,12,29339.34,2025-03-26,23:51:03,Bangalore,ATM,0
1426,3,7,25981.51,2025-06-23,02:05:27,Delhi,POS,0
1427,14,10,36298.92,2024-08-04,10:13:42,Pune,Online,0
1428,6,15,13332.3,2025-04-11,11:08:13,Mumbai,Online,0
1429,71,28,6757.26,2024-09-28,13:10:33,Lucknow,ATM,0
1430,52,5,33410.45,2024-12-28,18:06:43,Delhi,ATM,0
1431,32,3,9520.77,2024-08-10,13:05:36,Bangalore,POS,0
1432,68,17,44400.0,2024-09-14,23:05:16,Delhi,POS,0
1433,45,23,47529.93,2025-06-20,17:14:51,Jaipur,ATM,0
1434,1,21,6903.5,2024-07-17,14:26:29,Kolkata,ATM,0
1435,12,15,41742.74,2025-02-26,06:28:48,Chennai,POS,0
1436,41,27,217.92,2025-07-02,05:47:59,Mumbai,POS,0
1437,41,15,13918.71,2025-07-05,01:30:52,Mumbai,POS,1
1438,50,19,19116.12,2025-04-02,11:36:32,Delhi,ATM,0
1439,63,8,45200.68,2025-03-25,01:16:18,Lucknow,Online,0
1440,19,3,13930.98,2025-05-30,04:27:08,Jaipur,POS,0
1441,47,21,36861.33,2024-12-11,05:00:22,Pune,POS,0
1442,2,28,26353.68,2025-02-26,13:07:51,Chennai,ATM,0
1443,5,19,7927.41,2024-09-29,04:32:56,Lucknow,ATM,0
1444,33,16,16631.12,2025-05-14,14:03:14,Delhi,Online,0
1445,56,8,17458.39,2025-03-08,03:58:22,Hyderabad,ATM,0
1446,55,15,3067.49,2025-01-16,15:24:39,Kolkata,ATM,0
1447,52,6,8402.61,2025-02-17,20:10:37,Delhi,ATM,0
1448,60,26,9366.52,2025-03-25,01:12:51,Pune,ATM,0
1449,33,30,36221.57,2024-09-04,08:56:01,Chennai,POS,0
1450,11,9,6046.32,2024-07-19,01:32:00,Lucknow,ATM,0
1451,8,19,4972.49,2025-07-09,16:31:41,Delhi,POS,0
1452,39,7,45024.24,2025-06-09,14:33:53,Jaipur,Online,0
1453,13,14,12906.03,2025-06-07,04:50:47,Mumbai,ATM,0
1454,16,4,25009.93,2024-10-04,08:43:33,Delhi,POS,0
1455,62,15,21494.36,2024-08-17,01:43:30,Kolkata,POS,0
1456,68,10,45227.59,2025-03-01,12:07:31,Delhi,ATM,0
1457,65,7,7372.33,2024-08-19,18:13:49,Delhi,POS,0
1458,23,1,32564.29,2025-06-06,08:35:40,Delhi,Online,0
1459,79,14,14428.76,2025-04-21,01:34:50,Bangalore,ATM,0
1460,34,29,26031.88,2024-08-19,21:31:49,Ahmedabad,Online,0
1461,35,19,18146.09,2024-07-15,07:26:23,Bangalore,Online,0
1462,66,5,47600.8,2024-07-31,08:05:02,Kolkata,ATM,0
1463,18,15,34233.34,2025-02-13,03:08:05,Kolkata,Online,1
1464,62,7,20587.63,2024-07-26,22:08:59,Mumbai,Online,0
1465,53,21,33786.74,2025-02-28,23:18:19,Delhi,Online,0
1466,23,11,1691.04,2025-02-20,12:06:53,Chennai,POS,0
1467,51,30,23892.16,2024-11-24,23:07:05,Hyderabad,POS,0
1468,62,11,44346.86,2025-06-05,14:24:13,Delhi,ATM,0
1469,73,4,48982.33,2024-08-22,20:36:52,Pune,Online,0
1470,45,11,15971.48,2025-06-11,10:07:39,Hyderabad,ATM,0
1471,64,23,44248.61,2025-06-19,22:56:45,Jaipur,ATM,0
1472,50,18,225.12,2025-03-12,10:04:10,Jaipur,POS,0
1473,63,29,47273.83,2024-08-05,01:58:51,Kolkata,Online,0
1474,5,22,2167.05,2024-12-04,07:40:21,Mumbai,ATM,0
1475,57,26,14942.39,2024-08-18,19:05:19,Ahmedabad,POS,0
1476,19,11,28038.79,2025-07-01,05:13:04,Mumbai,ATM,0
1477,32,24,24588.75,2025-01-24,16:16:15,Ahmedabad,Online,0
1478,80,9,43966.41,2024-08-05,04:58:04,Jaipur,ATM,0
1479,5,13,7917.7,2025-05-07,11:40:14,Lucknow,Online,0
1480,21,22,32686.55,2024-07-22,18:02:49,Ahmedabad,ATM,0
1481,58,22,24145.79,2024-09-04,19:25:46,Chennai,ATM,0
1482,2,13,35276.69,2025-06-16,06:00:09,Lucknow,Online,0
1483,49,13,4227.77,2025-02-01,02:05:50,Mumbai,Online,0
1484,9,6,25769.85,2025-05-01,23:03:22,Ahmedabad,Online,0
1485,26,27,9877.41,2024-09-05,01:34:51,Hyderabad,ATM,0
1486,77,20,15830.54,2024-10-29,14:40:12,Pune,POS,0
1487,20,26,41629.76,2024-10-06,21:23:25,Pune,ATM,0
1488,21,19,26163.6,2024-07-14,11:55:25,Pune,ATM,0
1489,13,5,27190.86,2024-12-11,12:04:36,Kolkata,POS,0
1490,25,10,31486.06,2025-05-15,06:45:08,Delhi,POS,0
1491,33,8,18931.42,2025-02-19,03:45:45,Lucknow,Online,0
1492,77,8,49356.18,2024-11-04,19:10:15,Mumbai,ATM,0
1493,9,20,17849.26,2025-06-04,19:15:56,Kolkata,ATM,0
1494,25,6,30037.94,2025-07-12,10:22:46,Chennai,Online,0
1495,9,12,13865.33,2024-09-11,02:58:17,Kolkata,Online,0
1496,52,3,46250.3,2024-08-11,06:46:05,Mumbai,ATM,0
1497,30,7,27936.32,2024-10-13,01:35:28,Chennai,Online,0
1498,60,15,42098.29,2024-12-17,17:16:22,Delhi,POS,0
1499,13,7,26676.15,2024-08-09,01:25:29,Hyderabad,ATM,0
1500,71,10,46882.71,2024-10-05,23:01:56,Lucknow,ATM,0
1501,51,2,44395.52,2024-08-27,12:55:20,Mumbai,ATM,1
1502,17,25,11658.06,2024-10-09,14:26:59,Ahmedabad,POS,0
1503,66,10,18464.49,2025-06-26,21:23:37,Hyderabad,Online,0
1504,69,29,5204.11,2025-06-04,15:52:43,Kolkata,POS,1
1505,64,18,2678.35,2024-12-24,18:03:47,Bangalore,POS,1
1506,80,19,35948.3,2025-05-12,20:45:54,Ahmedabad,Online,0
1507,53,26,13593.29,2025-02-06,12:07:00,Bangalore,ATM,0
1508,52,13,41646.74,2025-06-30,06:23:05,Delhi,ATM,0
1509,6,13,5821.53,2024-09-22,20:55:37,Mumbai,Online,0
1510,60,4,15944.99,2024-12-30,03:41:49,Jaipur,POS,0
1511,3,25,306.17,2025-02-06,18:01:21,Pune,Online,0
1512,20,4,32576.06,2024-12-24,04:43:54,Chennai,Online,0
1513,13,27,38890.23,2024-07-31,04:53:22,Delhi,ATM,0
1514,32,23,5821.44,2025-06-20,19:22:34,Chennai,ATM,0
1515,26,17,29479.48,2024-10-12,05:10:02,Delhi,ATM,0
1516,49,22,12802.58,2024-10-08,16:24:23,Chennai,ATM,0
1517,12,1,41386.92,2025-04-16,00:46:52,Mumbai,ATM,0
1518,53,8,29199.32,2024-09-27,17:53:01,Hyderabad,ATM,0
1519,78,2,31820.61,2025-04-26,19:57:09,Kolkata,Online,0
1520,63,27,12499.93,2024-07-29,21:35:57,Ahmedabad,Online,1
1521,22,1,37473.17,2024-12-13,11:17:45,Bangalore,POS,0
1522,14,21,36674.17,2025-01-11,02:06:49,Ahmedabad,ATM,0
1523,11,7,30122.33,2025-05-21,18:05:26,Kolkata,POS,0
1524,32,10,32171.27,2024-10-16,03:04:25,Hyderabad,Online,0
1525,57,19,20961.74,2025-04-19,11:03:53,Kolkata,POS,0
1526,64,26,31860.31,2024-12-24,20:53:34,Chennai,Online,0
1527,68,19,19442.97,2024-10-06,15:53:52,Kolkata,POS,0
1528,14,3,48062.35,2025-05-09,16:58:15,Hyderabad,POS,0
1529,32,16,32709.78,2024-11-01,10:00:12,Kolkata,Online,0
1530,24,21,24048.34,2024-08-19,23:26:33,Mumbai,Online,0
1531,6,18,37790.32,2025-06-18,20:05:08,Chennai,Online,0
1532,70,13,38802.87,2025-02-24,06:04:00,Kolkata,Online,0
1533,55,6,14076.52,2025-05-25,02:24:41,Pune,Online,0
1534,13,4,25081.24,2025-06-02,11:10:01,Ahmedabad,POS,0
1535,76,9,21633.87,2024-08-09,02:12:47,Delhi,ATM,0
1536,26,12,27923.5,2025-04-28,19:17:12,Delhi,Online,0
1537,52,28,6177.95,2024-08-07,01:46:25,Mumbai,POS,0
1538,10,21,4663.05,2024-11-18,21:27:44,Jaipur,Online,0
1539,80,26,7307.19,2025-06-11,11:52:32,Chennai,POS,0
1540,79,13,12897.74,2025-05-06,00:50:23,Jaipur,ATM,0
1541,32,1,27344.91,2025-03-30,01:10:28,Ahmedabad,ATM,0
1542,68,3,27070.28,2025-07-07,02:25:41,Chennai,POS,0
1543,21,29,29581.29,2024-07-23,01:29:02,Delhi,Online,0
1544,64,15,22646.41,2024-10-04,01:07:50,Chennai,ATM,0
1545,54,18,24410.35,2025-04-02,10:29:43,Chennai,POS,0
1546,65,4,716.01,2025-07-11,07:01:16,Pune,ATM,0
1547,17,15,3895.26,2025-06-16,19:59:03,Ahmedabad,POS,0
1548,45,12,8827.51,2024-12-30,01:52:35,Lucknow,POS,0
1549,68,5,47244.25,2025-03-25,16:27:24,Kolkata,Online,0
1550,62,9,42092.6,2024-07-16,23:58:05,Hyderabad,POS,0
1551,66,19,42583.6,2025-02-06,01:07:18,Delhi,ATM,0
1552,80,17,32086.63,2024-12-03,10:22:29,Pune,ATM,0
1553,18,26,38961.8,2024-09-10,04:58:55,Mumbai,ATM,0
1554,32,11,3122.64,2024-09-27,20:00:36,Kolkata,Online,0
1555,57,23,26170.01,2024-10-11,06:38:19,Pune,ATM,0
1556,72,23,19139.94,2025-02-21,11:39:30,Kolkata,ATM,0
1557,15,18,26696.17,2024-09-17,21:00:10,Hyderabad,ATM,0
1558,79,8,47960.51,2024-09-23,20:41:12,Hyderabad,ATM,0
1559,76,1,37332.21,2024-11-27,19:03:08,Bangalore,ATM,0
1560,4,5,15375.92,2024-08-26,02:20:50,Ahmedabad,POS,0
1561,71,3,12080.02,2025-05-07,16:44:58,Lucknow,Online,0
1562,27,8,18167.01,2024-07-17,23:50:44,Bangalore,ATM,0
1563,25,11,15604.94,2024-09-03,14:37:13,Delhi,ATM,0
1564,42,19,22964.84,2024-09-06,17:43:38,Pune,POS,0
1565,43,27,38824.4,2025-04-15,09:57:49,Jaipur,Online,0
1566,46,8,46666.18,2025-03-28,07:33:43,Lucknow,ATM,0
1567,79,22,38941.63,2024-12-29,23:17:25,Lucknow,ATM,0
1568,67,27,17037.59,2025-04-23,05:24:00,Lucknow,ATM,0
1569,17,18,34072.32,2024-09-21,21:39:44,Bangalore,ATM,0
1570,72,26,12559.01,2024-10-30,03:48:21,Hyderabad,ATM,0
1571,59,18,12713.35,2025-07-12,10:39:37,Ahmedabad,Online,0
1572,50,3,35209.9,2025-07-12,07:32:02,Ahmedabad,Online,0
1573,74,30,37176.82,2024-10-08,19:45:58,Lucknow,POS,0
1574,72,27,46119.43,2025-06-15,01:34:27,Ahmedabad,POS,0
1575,39,25,1277.67,2025-03-13,05:25:55,Delhi,ATM,0
1576,11,6,3203.49,2025-06-22,12:37:06,Lucknow,POS,0
1577,59,16,34723.61,2025-04-26,10:09:36,Lucknow,POS,0
1578,31,13,16540.69,2024-10-19,03:38:19,Delhi,Online,0
1579,65,21,32451.1,2024-10-21,07:22:04,Jaipur,Online,0
1580,57,8,23577.43,2024-09-07,09:51:23,Ahmedabad,ATM,0
1581,61,1,29627.59,2025-06-06,20:21:37,Bangalore,POS,0
1582,38,19,37274.16,2025-06-18,01:55:33,Bangalore,POS,0
1583,17,14,17461.65,2024-07-26,05:31:54,Delhi,ATM,0
1584,74,18,25612.59,2024-09-11,01:03:03,Chennai,ATM,0
1585,6,17,21239.93,2025-01-12,14:05:35,Chennai,Online,0
1586,2,17,9857.7,2024-10-14,14:30:53,Kolkata,Online,0
1587,36,7,27009.12,2024-10-13,08:44:45,Jaipur,Online,0
1588,32,8,38411.33,2024-10-28,14:47:14,Delhi,POS,0
1589,47,9,23811.05,2024-08-21,20:17:48,Pune,ATM,0
1590,4,28,30023.94,2025-05-26,16:44:31,Delhi,ATM,0
1591,65,7,8155.89,2024-10-22,09:17:55,Chennai,Online,0
1592,73,27,19584.5,2024-11-21,05:26:06,Ahmedabad,POS,0
1593,26,20,6759.51,2025-02-03,23:11:41,Jaipur,POS,0
1594,3,1,8878.78,2025-02-25,10:01:45,Pune,Online,0
1595,72,6,25489.45,2025-03-11,20:20:17,Pune,ATM,0
1596,79,29,2128.78,2024-10-13,13:57:07,Kolkata,POS,0
1597,70,9,15889.99,2025-04-06,02:04:40,Lucknow,Online,0
1598,61,10,31633.73,2025-05-15,13:28:10,Chennai,POS,0
1599,28,5,30341.83,2025-05-05,10:41:48,Ahmedabad,ATM,0
1600,34,21,21987.04,2025-01-05,15:34:24,Bangalore,Online,0
1601,66,16,45150.77,2024-08-22,21:53:28,Mumbai,Online,0
1602,27,27,17027.04,2025-01-05,00:57:34,Bangalore,ATM,0
1603,66,26,16420.52,2025-03-28,19:20:50,Bangalore,ATM,0
1604,42,1,45249.46,2025-05-02,05:34:29,Chennai,POS,0
1605,80,21,7357.78,2024-12-11,02:13:03,Ahmedabad,ATM,0
1606,14,12,6711.12,2025-02-12,13:47:26,Delhi,ATM,0
1607,56,3,11836.0,2024-07-21,05:15:45,Bangalore,Online,0
1608,71,14,1722.29,2024-09-17,01:20:26,Mumbai,POS,0
1609,20,1,28550.85,2025-03-23,14:38:07,Jaipur,ATM,0
1610,40,2,11532.14,2024-11-22,16:07:48,Delhi,ATM,0
1611,37,30,20204.88,2025-01-05,14:49:54,Bangalore,Online,0
1612,62,23,33037.45,2024-10-25,04:17:23,Pune,Online,0
1613,69,12,9954.43,2025-07-10,01:27:02,Kolkata,Online,0
1614,23,30,19483.29,2025-01-28,07:35:45,Delhi,Online,0
1615,71,26,44735.2,2024-12-29,23:06:35,Pune,ATM,0
1616,17,10,11255.42,2025-04-01,07:22:44,Mumbai,Online,0
1617,65,29,17025.64,2025-01-21,01:44:53,Bangalore,Online,0
1618,29,5,29866.44,2024-07-19,06:37:59,Kolkata,Online,0
1619,23,30,46455.86,2025-06-05,22:08:55,Kolkata,Online,0
1620,78,15,42093.22,2025-01-20,18:56:09,Chennai,ATM,0
1621,31,23,33359.15,2025-03-15,17:45:22,Ahmedabad,POS,0
1622,72,19,28235.83,2024-09-24,16:33:28,Mumbai,ATM,0
1623,80,7,49355.72,2024-10-20,11:16:33,Jaipur,Online,0
1624,61,18,43262.27,2025-03-04,04:55:10,Delhi,Online,1
1625,67,19,24079.44,2025-03-13,17:15:55,Ahmedabad,Online,0
1626,14,13,19760.96,2025-04-28,05:53:40,Delhi,POS,0
1627,54,30,13998.65,2024-10-20,12:23:47,Delhi,Online,0
1628,72,11,19315.67,2024-09-24,23:22:37,Chennai,POS,0
1629,39,30,8254.46,2024-11-03,10:26:46,Hyderabad,POS,0
1630,3,18,7430.81,2024-11-28,20:50:52,Hyderabad,Online,0
1631,29,19,16875.28,2025-03-14,03:54:32,Delhi,ATM,0
1632,25,7,14746.4,2025-03-14,23:04:29,Pune,ATM,0
1633,77,24,45241.59,2025-02-01,19:38:04,Pune,ATM,0
1634,47,14,30752.86,2024-08-02,02:33:37,Hyderabad,ATM,0
1635,71,15,23893.29,2025-05-04,05:36:48,Kolkata,ATM,0
1636,40,29,10243.59,2025-05-15,11:42:17,Kolkata,Online,0
1637,6,6,31480.55,2024-09-20,20:32:38,Kolkata,Online,0
1638,46,13,20543.92,2024-09-09,20:49:53,Bangalore,POS,0
1639,36,7,3471.38,2025-04-21,19:28:10,Jaipur,POS,0
1640,64,8,30379.13,2025-06-29,23:19:50,Pune,Online,0
1641,3,28,37866.96,2025-01-09,16:25:56,Mumbai,POS,0
1642,36,5,43065.53,2025-05-27,01:58:22,Ahmedabad,POS,0
1643,56,18,14572.68,2024-12-16,08:48:30,Mumbai,POS,0
1644,5,30,32182.46,2024-10-29,09:30:56,Bangalore,ATM,0
1645,76,25,45385.33,2025-06-14,14:29:54,Chennai,POS,0
1646,38,25,39903.1,2025-07-02,13:39:52,Ahmedabad,Online,0
1647,9,6,666.46,2025-03-29,03:54:07,Delhi,POS,0
1648,58,12,15483.83,2025-07-06,02:37:33,Ahmedabad,Online,0
1649,5,24,8240.35,2025-07-02,21:58:16,Hyderabad,ATM,0
1650,75,27,45480.21,2025-01-09,17:05:10,Jaipur,POS,0
1651,23,8,32879.24,2024-10-21,22:48:01,Mumbai,Online,0
1652,2,4,41863.26,2025-01-22,17:00:40,Lucknow,ATM,0
1653,37,11,35324.0,2025-05-01,18:38:24,Delhi,ATM,0
1654,14,9,37706.66,2025-03-14,16:20:30,Hyderabad,ATM,0
1655,40,17,13717.91,2024-12-01,16:42:06,Delhi,Online,0
1656,26,21,47627.45,2025-03-26,19:33:48,Ahmedabad,Online,0
1657,37,4,34943.83,2024-10-07,12:35:58,Ahmedabad,ATM,0
1658,10,22,32278.76,2024-10-29,11:22:24,Mumbai,Online,0
1659,71,18,30862.47,2024-08-07,03:02:36,Delhi,POS,0
1660,17,28,28897.45,2025-05-04,16:25:44,Kolkata,POS,0
1661,22,10,39768.12,2025-05-24,06:41:22,Delhi,ATM,0
1662,62,24,38760.31,2025-05-18,19:44:42,Jaipur,ATM,0
1663,59,23,16020.98,2024-08-23,07:55:46,Pune,POS,1
1664,74,16,42681.38,2024-08-23,13:46:32,Mumbai,ATM,0
1665,72,1,15598.99,2024-08-13,02:00:53,Kolkata,Online,0
1666,27,16,28648.26,2025-05-14,12:03:33,Delhi,Online,0
1667,79,17,17127.84,2025-06-04,19:53:41,Chennai,ATM,0
1668,41,2,45912.25,2025-02-13,23:00:35,Chennai,ATM,0
1669,68,23,12904.62,2025-05-09,12:30:21,Mumbai,Online,0
1670,74,19,47165.76,2025-03-09,10:42:13,Lucknow,POS,0
1671,51,26,31320.8,2024-12-13,06:47:05,Bangalore,POS,0
1672,24,5,27257.61,2025-04-11,06:02:02,Delhi,Online,1
1673,73,30,43979.0,2024-08-30,10:03:39,Lucknow,ATM,0
1674,64,10,13763.95,2024-11-10,15:33:31,Ahmedabad,ATM,0
1675,28,14,23239.09,2025-04-26,08:25:45,Jaipur,ATM,0
1676,65,17,20962.14,2025-05-04,01:54:34,Mumbai,ATM,0
1677,79,1,21031.45,2025-07-01,16:50:23,Mumbai,ATM,0
1678,34,17,41290.64,2024-11-21,19:45:41,Lucknow,POS,0
1679,6,10,33702.8,2024-07-19,00:02:07,Hyderabad,ATM,0
1680,7,12,41076.71,2025-05-22,10:39:22,Bangalore,ATM,0
1681,36,16,35143.87,2025-02-26,03:21:05,Lucknow,ATM,0
1682,73,21,10690.92,2025-06-04,15:06:01,Delhi,POS,0
1683,79,25,21620.44,2025-01-19,11:00:45,Pune,Online,0
1684,58,4,241.05,2025-02-09,20:32:13,Jaipur,POS,0
1685,26,10,38058.98,2025-04-27,06:07:36,Bangalore,POS,0
1686,76,12,49789.58,2025-04-12,07:36:49,Chennai,POS,0
1687,43,2,11997.77,2024-12-05,06:33:38,Delhi,ATM,0
1688,31,9,37728.62,2024-12-16,04:51:50,Ahmedabad,Online,0
1689,32,17,39902.66,2025-04-23,18:06:07,Chennai,POS,0
1690,30,18,49550.7,2025-06-11,18:19:34,Ahmedabad,Online,0
1691,79,22,37309.4,2025-04-07,11:41:10,Mumbai,Online,0
1692,52,11,34003.06,2024-08-19,01:02:32,Mumbai,ATM,0
1693,3,20,31684.21,2024-11-01,14:17:26,Pune,ATM,0
1694,52,20,24036.19,2025-07-06,08:11:04,Mumbai,POS,0
1695,79,19,9114.02,2024-11-26,00:18:55,Ahmedabad,POS,0
1696,34,9,26064.8,2025-02-28,17:09:02,Ahmedabad,ATM,0
1697,54,16,3731.01,2025-04-24,10:53:56,Chennai,Online,0
1698,13,24,29630.86,2024-11-01,02:57:04,Chennai,POS,0
1699,78,24,7052.09,2025-01-03,03:13:44,Pune,ATM,0
1700,4,28,43080.7,2024-08-09,21:16:17,Bangalore,ATM,0
1701,6,25,26567.64,2024-09-18,23:30:40,Ahmedabad,Online,1
1702,39,14,41987.47,2025-04-01,09:25:54,Chennai,POS,0
1703,61,21,14463.84,2025-01-05,10:54:51,Lucknow,ATM,0
1704,39,13,5258.21,2024-10-27,08:21:23,Pune,Online,0
1705,16,16,14107.04,2024-12-08,14:33:53,Lucknow,Online,0
1706,49,26,33430.04,2025-04-27,21:35:25,Pune,ATM,0
1707,44,18,26055.25,2025-07-08,12:46:45,Bangalore,Online,0
1708,49,27,1352.73,2025-02-17,11:34:49,Kolkata,ATM,0
1709,79,24,591.79,2024-11-03,20:03:26,Delhi,Online,0
1710,25,1,16112.45,2025-04-18,03:08:17,Ahmedabad,POS,0
1711,70,18,9548.53,2024-10-27,17:09:08,Pune,POS,0
1712,17,14,6728.84,2025-01-18,20:39:58,Pune,POS,0
1713,72,8,8061.22,2025-04-19,17:56:56,Hyderabad,Online,0
1714,44,10,8594.29,2024-09-08,01:52:26,Pune,POS,1
1715,64,4,12475.51,2024-09-12,12:35:08,Jaipur,Online,0
1716,11,4,45585.35,2025-01-09,23:34:51,Mumbai,Online,0
1717,11,7,631.62,2025-03-23,05:36:57,Bangalore,ATM,0
1718,33,18,40701.83,2025-03-03,12:54:57,Kolkata,ATM,0
1719,47,27,42811.71,2024-12-22,23:09:56,Hyderabad,ATM,0
1720,35,14,27285.94,2025-04-17,05:00:44,Hyderabad,ATM,0
1721,61,20,23933.51,2025-04-11,08:14:17,Delhi,Online,0
1722,12,20,22283.45,2025-07-10,10:20:02,Mumbai,ATM,0
1723,6,27,20903.47,2025-04-18,15:34:28,Delhi,POS,0
1724,7,14,8218.97,2024-09-06,08:57:18,Delhi,ATM,1
1725,15,2,49103.78,2025-02-01,20:48:52,Chennai,ATM,0
1726,64,1,10042.63,2024-10-23,15:23:09,Hyderabad,Online,0
1727,54,11,16040.21,2025-03-05,06:16:18,Kolkata,Online,0
1728,9,1,6459.94,2024-10-13,13:51:55,Pune,POS,0
1729,34,12,9835.8,2024-10-01,02:40:57,Bangalore,ATM,0
1730,61,3,10526.46,2024-09-01,23:58:51,Jaipur,Online,0
1731,36,11,1595.14,2024-08-08,17:10:31,Ahmedabad,Online,0
1732,4,9,18535.4,2025-03-20,18:41:43,Ahmedabad,ATM,0
1733,78,6,16608.53,2024-08-17,10:34:15,Delhi,Online,0
1734,10,6,14067.87,2025-03-20,09:16:32,Lucknow,POS,0
1735,76,5,14928.79,2024-10-16,20:49:37,Bangalore,ATM,0
1736,21,4,37968.58,2024-08-07,16:22:46,Chennai,Online,0
1737,78,26,13067.03,2024-08-10,10:04:02,Bangalore,POS,0
1738,54,30,25167.81,2025-06-28,03:30:01,Ahmedabad,ATM,0
1739,32,6,37429.49,2025-02-21,14:21:47,Pune,Online,0
1740,20,6,17541.48,2025-03-29,03:49:47,Ahmedabad,POS,0
1741,75,10,33468.28,2024-09-09,14:00:45,Kolkata,POS,0
1742,11,28,11866.12,2025-03-11,13:45:19,Delhi,Online,0
1743,22,1,25994.45,2024-09-14,19:33:58,Hyderabad,ATM,0
1744,1,28,15664.08,2024-08-09,02:16:01,Jaipur,POS,0
1745,38,19,40584.08,2024-08-19,18:29:27,Ahmedabad,ATM,0
1746,27,9,28361.09,2024-11-12,03:36:48,Pune,ATM,0
1747,32,5,28860.1,2024-09-29,03:57:07,Kolkata,ATM,0
1748,80,1,40400.59,2025-07-05,12:19:21,Mumbai,ATM,0
1749,5,17,49425.63,2024-09-20,17:01:24,Chennai,POS,0
1750,20,12,13346.04,2024-10-11,04:41:09,Jaipur,POS,0
1751,19,28,34271.94,2025-03-26,04:19:05,Mumbai,ATM,0
1752,66,5,30321.83,2025-05-06,15:28:49,Kolkata,Online,0
1753,32,6,33090.56,2025-03-19,21:17:40,Delhi,POS,0
1754,64,30,29332.67,2024-11-12,19:35:52,Pune,Online,0
1755,59,30,14967.84,2025-06-30,08:18:13,Bangalore,POS,0
1756,15,23,991.87,2025-06-04,13:13:35,Chennai,POS,0
1757,59,12,18472.08,2025-05-21,03:26:00,Hyderabad,POS,1
1758,21,7,5562.28,2024-12-07,02:00:08,Bangalore,ATM,0
1759,66,27,27295.85,2025-03-18,11:56:16,Jaipur,POS,0
1760,50,28,1761.16,2024-12-01,18:42:13,Jaipur,POS,0
1761,74,23,518.83,2024-10-22,02:58:05,Kolkata,POS,0
1762,77,14,33689.51,2025-01-28,07:09:13,Chennai,POS,0
1763,51,3,28567.07,2024-08-28,18:33:59,Pune,Online,0
1764,27,22,21334.68,2024-07-22,10:27:46,Bangalore,ATM,0
1765,45,18,12731.53,2025-01-16,11:32:15,Bangalore,ATM,0
1766,78,9,39509.69,2024-12-29,04:45:57,Ahmedabad,POS,0
1767,21,2,29240.68,2024-07-24,23:38:38,Pune,POS,0
1768,71,18,19526.73,2025-03-01,19:51:15,Delhi,POS,0
1769,46,13,35371.88,2025-07-08,12:58:01,Bangalore,POS,0
1770,55,14,5318.61,2025-01-22,10:59:38,Hyderabad,POS,0
1771,65,25,40782.08,2025-02-09,00:45:08,Pune,POS,0
1772,77,25,12914.1,2025-01-04,09:53:06,Hyderabad,POS,0
1773,57,2,24415.05,2025-04-09,15:30:09,Pune,ATM,0
1774,27,15,17302.72,2025-01-22,18:51:42,Mumbai,Online,0
1775,53,7,30259.17,2024-10-29,23:14:50,Ahmedabad,Online,0
1776,52,27,11051.83,2025-07-02,06:03:07,Jaipur,POS,0
1777,80,17,24747.72,2024-07-23,14:13:16,Delhi,Online,0
1778,75,30,7126.18,2025-01-01,20:58:02,Bangalore,ATM,0
1779,9,23,39514.88,2025-04-05,16:35:12,Hyderabad,POS,0
1780,25,16,605.82,2025-07-03,22:32:08,Bangalore,Online,0
1781,40,6,34349.18,2024-10-29,12:21:53,Chennai,ATM,0
1782,76,6,20028.86,2025-07-08,12:41:25,Delhi,Online,0
1783,55,6,40686.33,2025-03-20,13:03:08,Mumbai,ATM,0
1784,30,20,12970.23,2024-07-28,07:40:53,Mumbai,ATM,0
1785,43,11,47913.17,2025-02-14,08:51:22,Hyderabad,POS,0
1786,69,10,35090.76,2025-01-04,08:19:03,Lucknow,POS,0
1787,51,21,3026.74,2025-01-18,18:52:10,Jaipur,Online,0
1788,60,17,24234.62,2024-12-01,16:31:32,Jaipur,ATM,0
1789,24,6,5242.26,2025-07-09,07:36:12,Mumbai,Online,0
1790,13,14,19877.62,2024-09-28,18:57:39,Delhi,ATM,0
1791,26,26,27473.33,2025-07-01,01:58:24,Mumbai,ATM,0
1792,67,3,38968.73,2024-07-28,07:47:40,Lucknow,ATM,0
1793,9,30,4380.5,2024-07-18,00:23:16,Lucknow,POS,0
1794,3,3,3660.83,2025-04-12,12:44:00,Jaipur,Online,0
1795,62,18,40089.96,2024-09-06,13:29:26,Chennai,POS,0
1796,51,23,5610.09,2025-07-04,06:38:28,Delhi,Online,0
1797,51,26,22764.71,2024-08-01,09:08:43,Kolkata,ATM,0
1798,80,6,6720.17,2024-10-25,00:13:23,Kolkata,ATM,0
1799,33,17,48136.54,2024-08-07,11:40:08,Kolkata,ATM,0
1800,76,8,49189.87,2025-02-26,14:24:37,Jaipur,Online,0
